 assignation 
 inicialization 
 RandTimeInit 
1278 1152 9532 2478 1106
1278 1095 10975 272 656
1278 1152 9532 2478 1106
1278 1095 10975 272 656
2717 758 10768 3455 584
4973 2 10329 1190 104
6966 280 10644 1897 115
8078 2507 9691 741 882
8078 971 14210 223 870
8078 2507 9691 741 882
8078 971 14210 223 870
10983 8 10733 1414 2309
10983 1933 10147 1127 1244
10983 126 9721 1886 501
10983 738 9775 516 2726
10983 8 10733 1414 2309
10983 1933 10147 1127 1244
10983 126 9721 1886 501
10983 738 9775 516 2726
10983 8 10733 1414 2309
10983 1933 10147 1127 1244
10983 126 9721 1886 501
10983 738 9775 516 2726
10983 8 10733 1414 2309
10983 1933 10147 1127 1244
10983 126 9721 1886 501
10983 738 9775 516 2726
13262 113 10543 352 418
14579 353 7575 528 1190
14579 902 8579 229 2845
14579 353 7575 528 1190
14579 902 8579 229 2845
16518 374 9590 2277 1090
18618 748 10486 186 460
18618 732 10581 262 1053
18618 1066 11077 320 62
18618 748 10486 186 460
18618 732 10581 262 1053
18618 1066 11077 320 62
18618 748 10486 186 460
18618 732 10581 262 1053
18618 1066 11077 320 62
20214 121 9327 1381 232
20214 520 10783 1063 1571
20214 1530 10292 2927 312
20214 424 8830 1180 948
20214 874 9637 862 1634
20214 793 8324 1449 164
20214 1624 12311 1714 2722
20214 121 9327 1381 232
20214 520 10783 1063 1571
20214 1530 10292 2927 312
20214 424 8830 1180 948
20214 874 9637 862 1634
20214 793 8324 1449 164
20214 1624 12311 1714 2722
20214 121 9327 1381 232
20214 520 10783 1063 1571
20214 1530 10292 2927 312
20214 424 8830 1180 948
20214 874 9637 862 1634
20214 793 8324 1449 164
20214 1624 12311 1714 2722
20214 121 9327 1381 232
20214 520 10783 1063 1571
20214 1530 10292 2927 312
20214 424 8830 1180 948
20214 874 9637 862 1634
20214 793 8324 1449 164
20214 1624 12311 1714 2722
20214 121 9327 1381 232
20214 520 10783 1063 1571
20214 1530 10292 2927 312
20214 424 8830 1180 948
20214 874 9637 862 1634
20214 793 8324 1449 164
20214 1624 12311 1714 2722
20214 121 9327 1381 232
20214 520 10783 1063 1571
20214 1530 10292 2927 312
20214 424 8830 1180 948
20214 874 9637 862 1634
20214 793 8324 1449 164
20214 1624 12311 1714 2722
20214 121 9327 1381 232
20214 520 10783 1063 1571
20214 1530 10292 2927 312
20214 424 8830 1180 948
20214 874 9637 862 1634
20214 793 8324 1449 164
20214 1624 12311 1714 2722
23131 2280 11298 1419 1579
23131 567 8185 1013 347
23131 2280 11298 1419 1579
23131 567 8185 1013 347
24725 608 10375 1963 1800
24725 2105 7653 1665 802
24725 2166 8678 897 37
24725 608 10375 1963 1800
24725 2105 7653 1665 802
24725 2166 8678 897 37
24725 608 10375 1963 1800
24725 2105 7653 1665 802
24725 2166 8678 897 37
27478 2976 10173 1370 618
28613 689 9158 652 536
30802 859 9842 2032 2572
30802 177 8818 1406 1446
30802 859 9842 2032 2572
30802 177 8818 1406 1446
33404 900 9378 1237 2154
33404 1791 9207 377 1243
33404 900 9378 1237 2154
33404 1791 9207 377 1243
35261 2365 10011 128 1222
35261 516 9472 489 255
35261 2365 10011 128 1222
35261 516 9472 489 255
38124 1423 9736 121 304
39286 781 8558 251 443
39286 1735 8923 66 359
39286 781 8558 251 443
39286 1735 8923 66 359
40561 741 9972 2146 514
41878 434 8691 254 1170
43808 191 11239 2481 527
43808 1916 11635 32 1250
43808 1705 10266 1827 2138
43808 274 11649 443 50
43808 191 11239 2481 527
43808 1916 11635 32 1250
43808 1705 10266 1827 2138
43808 274 11649 443 50
43808 191 11239 2481 527
43808 1916 11635 32 1250
43808 1705 10266 1827 2138
43808 274 11649 443 50
43808 191 11239 2481 527
43808 1916 11635 32 1250
43808 1705 10266 1827 2138
43808 274 11649 443 50
45772 293 10107 622 85
45772 263 10586 682 749
45772 293 10107 622 85
45772 263 10586 682 749
48768 496 11978 2643 1570
48768 865 9324 1581 521
48768 349 8462 253 13
48768 2547 10849 2610 1116
48768 2330 10300 115 1183
48768 865 9324 1581 521
48768 349 8462 253 13
48768 2547 10849 2610 1116
48768 2330 10300 115 1183
48768 865 9324 1581 521
48768 349 8462 253 13
48768 2547 10849 2610 1116
48768 2330 10300 115 1183
48768 865 9324 1581 521
48768 349 8462 253 13
48768 2547 10849 2610 1116
48768 2330 10300 115 1183
51233 640 10102 3441 1229
53917 668 10630 39 63
53917 1063 11090 1025 29
53917 1795 7713 762 1870
53917 479 10583 212 1418
53917 646 10488 2106 2253
53917 668 10630 39 63
53917 1063 11090 1025 29
53917 1795 7713 762 1870
53917 479 10583 212 1418
53917 646 10488 2106 2253
53917 668 10630 39 63
53917 1063 11090 1025 29
53917 1795 7713 762 1870
53917 479 10583 212 1418
53917 646 10488 2106 2253
53917 668 10630 39 63
53917 1063 11090 1025 29
53917 1795 7713 762 1870
53917 479 10583 212 1418
53917 646 10488 2106 2253
53917 668 10630 39 63
53917 1063 11090 1025 29
53917 1795 7713 762 1870
53917 479 10583 212 1418
53917 646 10488 2106 2253
55550 698 9929 363 1403
56670 792 10042 610 1193
58085 10 9745 961 1621
58085 1606 9799 888 1364
58085 241 10539 1817 684
58085 10 9745 961 1621
58085 1606 9799 888 1364
58085 241 10539 1817 684
58085 10 9745 961 1621
58085 1606 9799 888 1364
58085 241 10539 1817 684
60452 811 9347 305 1222
61453 2388 10242 2610 657
61453 1385 11276 416 283
61453 2388 10242 2610 657
61453 1385 11276 416 283
63351 1126 11760 163 512
64612 245 9936 453 1086
64612 699 9421 3118 545
64612 2084 11203 744 149
64612 245 9936 453 1086
64612 699 9421 3118 545
64612 2084 11203 744 149
64612 245 9936 453 1086
64612 699 9421 3118 545
64612 2084 11203 744 149
65672 69 12414 218 280
67737 116 8495 2724 832
67737 619 6708 935 85
67737 1259 10109 417 293
67737 383 10050 1109 1436
67737 316 8182 1886 426
67737 116 8495 2724 832
67737 619 6708 935 85
67737 1259 10109 417 293
67737 383 10050 1109 1436
67737 316 8182 1886 426
67737 116 8495 2724 832
67737 619 6708 935 85
67737 1259 10109 417 293
67737 383 10050 1109 1436
67737 316 8182 1886 426
67737 116 8495 2724 832
67737 619 6708 935 85
67737 1259 10109 417 293
67737 383 10050 1109 1436
67737 316 8182 1886 426
67737 116 8495 2724 832
67737 619 6708 935 85
67737 1259 10109 417 293
67737 383 10050 1109 1436
67737 316 8182 1886 426
69018 1123 10265 93 868
70838 328 10343 530 1846
70838 1560 9558 362 1182
70838 328 10343 530 1846
70838 1560 9558 362 1182
72381 309 10931 391 222
73672 350 11618 159 1036
76073 384 11501 1262 2373
76073 1808 8848 1491 326
76073 384 11501 1262 2373
76073 1808 8848 1491 326
77581 659 11080 1562 765
80145 1137 11073 1807 21
81629 1595 8155 246 142
81629 63 9910 2274 67
81629 1855 9939 1706 762
81629 1595 8155 246 142
81629 63 9910 2274 67
81629 1855 9939 1706 762
81629 1595 8155 246 142
81629 63 9910 2274 67
81629 1855 9939 1706 762
83687 1144 9308 751 252
83687 1482 8692 452 1452
83687 1144 9308 751 252
83687 1482 8692 452 1452
85329 1198 7785 808 378
86656 131 8999 266 57
89110 59 10911 1921 785
89110 2995 10331 1545 436
89110 59 10911 1921 785
89110 2995 10331 1545 436
90827 2255 12783 1155 1793
92784 1762 11667 489 683
92784 968 11752 271 603
92784 593 10429 381 225
92784 1762 11667 489 683
92784 968 11752 271 603
92784 593 10429 381 225
92784 1762 11667 489 683
92784 968 11752 271 603
92784 593 10429 381 225
92784 760 9917 747 972
93930 502 9089 1895 1445
95484 501 9808 2639 265
98126 453 11384 401 593
98126 1155 8473 3405 360
98126 453 11384 401 593
98126 1155 8473 3405 360
99725 1475 11499 154 621
102677 2069 11953 914 1985
102677 1556 10452 628 439
102677 2069 11953 914 1985
102677 1556 10452 628 439
103816 168 9192 1133 453
105539 1267 10225 432 386
108276 2306 7972 1835 1823
108276 1166 10923 12 1842
108276 934 8572 1300 547
108276 971 9078 362 591
108276 1783 9458 55 278
108276 2306 7972 1835 1823
108276 1166 10923 12 1842
108276 934 8572 1300 547
108276 971 9078 362 591
108276 1783 9458 55 278
108276 2306 7972 1835 1823
108276 1166 10923 12 1842
108276 934 8572 1300 547
108276 971 9078 362 591
108276 1783 9458 55 278
108276 2306 7972 1835 1823
108276 1166 10923 12 1842
108276 934 8572 1300 547
108276 971 9078 362 591
108276 1783 9458 55 278
108276 2306 7972 1835 1823
108276 1166 10923 12 1842
108276 934 8572 1300 547
108276 971 9078 362 591
108276 1783 9458 55 278
110163 529 9546 233 1162
112199 901 11118 878 723
112199 1716 8424 1279 686
112199 117 11250 1197 565
112199 901 11118 878 723
112199 1716 8424 1279 686
112199 117 11250 1197 565
112199 901 11118 878 723
112199 1716 8424 1279 686
112199 117 11250 1197 565
114001 1521 7334 332 878
115944 448 8496 127 1092
118765 1084 8837 1058 1867
120027 1081 10801 236 424
120027 479 11065 105 925
120027 325 8774 183 1658
120027 1081 10801 236 424
120027 479 11065 105 925
120027 325 8774 183 1658
120027 1081 10801 236 424
120027 479 11065 105 925
120027 325 8774 183 1658
122060 669 8295 381 1365
124745 872 8917 957 202
124745 275 12842 294 461
124745 872 8917 957 202
124745 275 12842 294 461
126260 140 10778 487 374
127948 983 9051 1894 1574
129185 1187 12617 551 46
130493 1139 7767 397 704
130493 1473 9491 899 1614
130493 261 10539 981 1059
130493 1139 7767 397 704
130493 1473 9491 899 1614
130493 261 10539 981 1059
130493 1139 7767 397 704
130493 1473 9491 899 1614
130493 261 10539 981 1059
131577 226 9773 529 1523
133782 499 9915 83 980
135812 418 8093 707 639
137913 22 11395 105 891
137913 1077 12673 1725 1197
137913 592 10296 1656 1061
137913 843 9752 70 137
137913 201 9202 286 259
137913 22 11395 105 891
137913 1077 12673 1725 1197
137913 592 10296 1656 1061
137913 843 9752 70 137
137913 201 9202 286 259
137913 22 11395 105 891
137913 1077 12673 1725 1197
137913 592 10296 1656 1061
137913 843 9752 70 137
137913 201 9202 286 259
137913 22 11395 105 891
137913 1077 12673 1725 1197
137913 592 10296 1656 1061
137913 843 9752 70 137
137913 201 9202 286 259
137913 22 11395 105 891
137913 1077 12673 1725 1197
137913 592 10296 1656 1061
137913 843 9752 70 137
137913 201 9202 286 259
140888 950 9931 573 395
142601 1663 9345 1898 773
142601 115 10635 1885 530
142601 981 10297 446 479
142601 2505 10897 1269 1272
142601 272 8195 596 1528
142601 465 8438 74 1819
142601 863 11652 1650 1393
142601 1663 9345 1898 773
142601 115 10635 1885 530
142601 981 10297 446 479
142601 2505 10897 1269 1272
142601 272 8195 596 1528
142601 465 8438 74 1819
142601 863 11652 1650 1393
142601 1663 9345 1898 773
142601 115 10635 1885 530
142601 981 10297 446 479
142601 2505 10897 1269 1272
142601 272 8195 596 1528
142601 465 8438 74 1819
142601 863 11652 1650 1393
142601 1663 9345 1898 773
142601 115 10635 1885 530
142601 981 10297 446 479
142601 2505 10897 1269 1272
142601 272 8195 596 1528
142601 465 8438 74 1819
142601 863 11652 1650 1393
142601 1663 9345 1898 773
142601 115 10635 1885 530
142601 981 10297 446 479
142601 2505 10897 1269 1272
142601 272 8195 596 1528
142601 465 8438 74 1819
142601 863 11652 1650 1393
142601 1663 9345 1898 773
142601 115 10635 1885 530
142601 981 10297 446 479
142601 2505 10897 1269 1272
142601 272 8195 596 1528
142601 465 8438 74 1819
142601 863 11652 1650 1393
142601 1663 9345 1898 773
142601 115 10635 1885 530
142601 981 10297 446 479
142601 2505 10897 1269 1272
142601 272 8195 596 1528
142601 465 8438 74 1819
142601 863 11652 1650 1393
145281 1199 10390 508 1060
145281 761 9042 158 1563
145281 2102 9984 2156 1845
145281 126 11576 1787 2087
145281 1199 10390 508 1060
145281 761 9042 158 1563
145281 2102 9984 2156 1845
145281 126 11576 1787 2087
145281 1199 10390 508 1060
145281 761 9042 158 1563
145281 2102 9984 2156 1845
145281 126 11576 1787 2087
145281 1199 10390 508 1060
145281 761 9042 158 1563
145281 2102 9984 2156 1845
145281 126 11576 1787 2087
146364 135 10929 1385 1628
147992 675 9027 769 1588
149554 1783 9082 562 243
149554 417 8937 441 420
149554 786 9831 34 371
149554 78 8481 770 1687
149554 1783 9082 562 243
149554 417 8937 441 420
149554 786 9831 34 371
149554 78 8481 770 1687
149554 1783 9082 562 243
149554 417 8937 441 420
149554 786 9831 34 371
149554 78 8481 770 1687
149554 1783 9082 562 243
149554 417 8937 441 420
149554 786 9831 34 371
149554 78 8481 770 1687
150563 2168 9995 343 1633
150563 2102 10511 2158 1074
150563 2168 9995 343 1633
150563 2102 10511 2158 1074
152955 2319 8280 119 2279
152955 422 7759 1479 834
152955 2319 8280 119 2279
152955 422 7759 1479 834
154511 2296 7403 810 102
154511 3242 9604 1911 475
154511 825 11936 605 448
154511 2296 7403 810 102
154511 3242 9604 1911 475
154511 825 11936 605 448
154511 2296 7403 810 102
154511 3242 9604 1911 475
154511 825 11936 605 448
156373 1818 11124 1794 1610
156373 1329 9841 393 1141
156373 38 10007 677 538
156373 1818 11124 1794 1610
156373 1329 9841 393 1141
156373 38 10007 677 538
156373 1818 11124 1794 1610
156373 1329 9841 393 1141
156373 38 10007 677 538
159174 839 9982 533 342
159174 1107 10182 560 932
159174 839 9982 533 342
159174 1107 10182 560 932
160751 836 11500 1742 1156
160751 567 11160 1838 1082
160751 836 11500 1742 1156
160751 567 11160 1838 1082
161881 479 10567 890 481
161881 1499 8861 1868 1973
161881 1729 9979 1711 3605
161881 1041 10473 3093 627
161881 571 9410 1674 392
161881 321 10945 106 3743
161881 2464 9794 2499 120
161881 479 10567 890 481
161881 1499 8861 1868 1973
161881 1729 9979 1711 3605
161881 1041 10473 3093 627
161881 571 9410 1674 392
161881 321 10945 106 3743
161881 2464 9794 2499 120
161881 479 10567 890 481
161881 1499 8861 1868 1973
161881 1729 9979 1711 3605
161881 1041 10473 3093 627
161881 571 9410 1674 392
161881 321 10945 106 3743
161881 2464 9794 2499 120
161881 479 10567 890 481
161881 1499 8861 1868 1973
161881 1729 9979 1711 3605
161881 1041 10473 3093 627
161881 571 9410 1674 392
161881 321 10945 106 3743
161881 2464 9794 2499 120
161881 479 10567 890 481
161881 1499 8861 1868 1973
161881 1729 9979 1711 3605
161881 1041 10473 3093 627
161881 571 9410 1674 392
161881 321 10945 106 3743
161881 2464 9794 2499 120
161881 479 10567 890 481
161881 1499 8861 1868 1973
161881 1729 9979 1711 3605
161881 1041 10473 3093 627
161881 571 9410 1674 392
161881 321 10945 106 3743
161881 2464 9794 2499 120
161881 479 10567 890 481
161881 1499 8861 1868 1973
161881 1729 9979 1711 3605
161881 1041 10473 3093 627
161881 571 9410 1674 392
161881 321 10945 106 3743
161881 2464 9794 2499 120
164170 1828 9253 1271 879
164170 549 13724 1006 1888
164170 344 8611 653 202
164170 1815 9950 1968 1243
164170 181 10842 118 1547
164170 863 10665 1961 33
164170 1828 9253 1271 879
164170 549 13724 1006 1888
164170 344 8611 653 202
164170 1815 9950 1968 1243
164170 181 10842 118 1547
164170 863 10665 1961 33
164170 1828 9253 1271 879
164170 549 13724 1006 1888
164170 344 8611 653 202
164170 1815 9950 1968 1243
164170 181 10842 118 1547
164170 863 10665 1961 33
164170 1828 9253 1271 879
164170 549 13724 1006 1888
164170 344 8611 653 202
164170 1815 9950 1968 1243
164170 181 10842 118 1547
164170 863 10665 1961 33
164170 1828 9253 1271 879
164170 549 13724 1006 1888
164170 344 8611 653 202
164170 1815 9950 1968 1243
164170 181 10842 118 1547
164170 863 10665 1961 33
164170 1828 9253 1271 879
164170 549 13724 1006 1888
164170 344 8611 653 202
164170 1815 9950 1968 1243
164170 181 10842 118 1547
164170 863 10665 1961 33
165374 2378 9975 618 1187
166522 945 7299 253 168
166522 539 10543 173 1036
166522 945 7299 253 168
166522 539 10543 173 1036
167684 2754 10509 667 798
170332 420 9064 861 1241
172971 615 10987 825 1665
175334 1329 10755 189 1756
177167 1090 9049 1696 1029
177167 1287 11505 1270 433
177167 1055 10739 911 841
177167 1090 9049 1696 1029
177167 1287 11505 1270 433
177167 1055 10739 911 841
177167 1090 9049 1696 1029
177167 1287 11505 1270 433
177167 1055 10739 911 841
179203 2228 8857 1212 158
181889 690 11111 51 669
183674 228 10912 1189 1254
186048 188 9750 1005 314
186048 1223 8348 1226 189
186048 1194 9207 1098 301
186048 1716 9113 1912 332
186048 188 9750 1005 314
186048 1223 8348 1226 189
186048 1194 9207 1098 301
186048 1716 9113 1912 332
186048 188 9750 1005 314
186048 1223 8348 1226 189
186048 1194 9207 1098 301
186048 1716 9113 1912 332
186048 188 9750 1005 314
186048 1223 8348 1226 189
186048 1194 9207 1098 301
186048 1716 9113 1912 332
188355 1630 10063 1809 1914
190859 1252 8393 598 354
190859 1106 8496 438 2675
190859 1252 8393 598 354
190859 1106 8496 438 2675
193246 2579 12763 116 976
195968 205 10966 1369 309
197363 536 9028 288 1374
197363 469 7527 973 2076
197363 814 10004 15 1116
197363 536 9028 288 1374
197363 469 7527 973 2076
197363 814 10004 15 1116
197363 536 9028 288 1374
197363 469 7527 973 2076
197363 814 10004 15 1116
200101 459 10481 1106 1019
202239 2222 7621 536 385
204155 95 8133 1111 879
204155 351 9271 1426 1948
204155 135 11418 2813 1432
204155 742 10251 1118 928
204155 95 8133 1111 879
204155 351 9271 1426 1948
204155 135 11418 2813 1432
204155 742 10251 1118 928
204155 95 8133 1111 879
204155 351 9271 1426 1948
204155 135 11418 2813 1432
204155 742 10251 1118 928
204155 95 8133 1111 879
204155 351 9271 1426 1948
204155 135 11418 2813 1432
204155 742 10251 1118 928
206370 1488 10743 556 972
206370 903 10562 1479 308
206370 1762 9787 641 386
206370 1488 10743 556 972
206370 903 10562 1479 308
206370 1762 9787 641 386
206370 1488 10743 556 972
206370 903 10562 1479 308
206370 1762 9787 641 386
209117 614 10317 1194 1515
211409 614 10654 1043 3057
211409 852 11730 758 215
211409 713 10536 1659 284
211409 614 10654 1043 3057
211409 852 11730 758 215
211409 713 10536 1659 284
211409 614 10654 1043 3057
211409 852 11730 758 215
211409 713 10536 1659 284
213497 1577 9083 3330 199
213497 16 9521 224 258
213497 1577 9083 3330 199
213497 16 9521 224 258
214865 603 9226 224 2578
216033 2498 10242 1615 252
217358 750 8855 2157 481
217358 244 8493 1261 164
217358 775 11011 130 3841
217358 750 8855 2157 481
217358 244 8493 1261 164
217358 775 11011 130 3841
217358 750 8855 2157 481
217358 244 8493 1261 164
217358 775 11011 130 3841
220201 127 11616 1457 870
223037 388 10947 853 2014
224509 547 9793 781 380
224509 1135 11298 205 815
224509 174 8060 1011 1105
224509 547 9793 781 380
224509 1135 11298 205 815
224509 174 8060 1011 1105
224509 547 9793 781 380
224509 1135 11298 205 815
224509 174 8060 1011 1105
225811 502 9993 611 759
225811 466 9104 746 374
225811 502 9993 611 759
225811 466 9104 746 374
228425 812 10068 687 711
228425 1604 11212 320 728
228425 482 9318 1268 886
228425 812 10068 687 711
228425 1604 11212 320 728
228425 482 9318 1268 886
228425 812 10068 687 711
228425 1604 11212 320 728
228425 482 9318 1268 886
230834 891 10791 1128 1117
230834 1022 10972 557 1437
230834 53 9335 827 426
230834 891 10791 1128 1117
230834 1022 10972 557 1437
230834 53 9335 827 426
230834 891 10791 1128 1117
230834 1022 10972 557 1437
230834 53 9335 827 426
232710 702 8838 10 570
232710 1106 7513 737 55
232710 702 8838 10 570
232710 1106 7513 737 55
235472 1640 9499 1414 2569
235472 612 9980 890 405
235472 1640 9499 1414 2569
235472 612 9980 890 405
237000 367 10435 1424 369
237000 1280 10585 666 2427
237000 663 11784 743 588
237000 751 10632 213 1053
237000 1280 10585 666 2427
237000 663 11784 743 588
237000 751 10632 213 1053
237000 1280 10585 666 2427
237000 663 11784 743 588
237000 751 10632 213 1053
238342 2649 10845 2083 941
238342 493 10920 829 753
238342 2649 10845 2083 941
238342 493 10920 829 753
240194 1444 9561 1248 2328
241322 1383 11447 730 967
243555 2640 9521 430 1370
246256 854 10740 2299 1368
247526 1817 11433 359 160
247526 233 9601 1672 963
247526 1817 11433 359 160
247526 233 9601 1672 963
250111 1740 8211 1669 410
253065 1594 9186 2721 307
255723 113 9917 761 1096
258642 1216 7905 1455 1137
258642 68 10829 323 2175
258642 1516 10416 1221 1265
258642 1303 9190 369 2163
258642 238 10405 697 1081
258642 1216 7905 1455 1137
258642 68 10829 323 2175
258642 1516 10416 1221 1265
258642 1303 9190 369 2163
258642 238 10405 697 1081
258642 1216 7905 1455 1137
258642 68 10829 323 2175
258642 1516 10416 1221 1265
258642 1303 9190 369 2163
258642 238 10405 697 1081
258642 1216 7905 1455 1137
258642 68 10829 323 2175
258642 1516 10416 1221 1265
258642 1303 9190 369 2163
258642 238 10405 697 1081
258642 1216 7905 1455 1137
258642 68 10829 323 2175
258642 1516 10416 1221 1265
258642 1303 9190 369 2163
258642 238 10405 697 1081
260041 2130 8821 356 1057
260041 199 9248 733 777
260041 224 8969 401 558
260041 2130 8821 356 1057
260041 199 9248 733 777
260041 224 8969 401 558
260041 2130 8821 356 1057
260041 199 9248 733 777
260041 224 8969 401 558
261302 3659 12572 789 627
263100 825 9326 1607 787
263100 651 9467 758 667
263100 825 9326 1607 787
263100 651 9467 758 667
265581 1892 11367 1959 1417
265581 1041 7004 1779 1227
265581 1892 11367 1959 1417
265581 1041 7004 1779 1227
268271 299 10867 800 416
268271 338 9454 1275 142
268271 299 10867 800 416
268271 338 9454 1275 142
270127 2067 7518 420 1708
270127 2474 12014 1373 1041
270127 2067 7518 420 1708
270127 2474 12014 1373 1041
272541 1282 10682 1656 203
274836 680 8039 105 1566
274836 252 10458 1695 2039
274836 680 8039 105 1566
274836 252 10458 1695 2039
277369 809 10664 978 1623
279249 1029 9101 218 1924
281728 1014 8644 945 810
282918 277 12325 2411 183
285597 774 10632 1573 1484
285597 25 9851 511 1538
285597 526 8279 2366 20
285597 2192 9793 826 619
285597 823 10659 1289 375
285597 774 10632 1573 1484
285597 25 9851 511 1538
285597 526 8279 2366 20
285597 2192 9793 826 619
285597 823 10659 1289 375
285597 774 10632 1573 1484
285597 25 9851 511 1538
285597 526 8279 2366 20
285597 2192 9793 826 619
285597 823 10659 1289 375
285597 774 10632 1573 1484
285597 25 9851 511 1538
285597 526 8279 2366 20
285597 2192 9793 826 619
285597 823 10659 1289 375
285597 774 10632 1573 1484
285597 25 9851 511 1538
285597 526 8279 2366 20
285597 2192 9793 826 619
285597 823 10659 1289 375
288344 44 11351 753 303
290613 714 11726 1228 950
290613 324 10208 757 921
290613 714 11726 1228 950
290613 324 10208 757 921
292574 1905 8125 664 1532
294046 1869 11022 882 320
294046 123 10005 2090 545
294046 412 7833 665 557
294046 1869 11022 882 320
294046 123 10005 2090 545
294046 412 7833 665 557
294046 1869 11022 882 320
294046 123 10005 2090 545
294046 412 7833 665 557
296234 1597 10162 369 1411
296234 1868 10013 194 1372
296234 1597 10162 369 1411
296234 1868 10013 194 1372
298420 63 11512 637 2924
298420 156 13066 211 840
298420 63 11512 637 2924
298420 156 13066 211 840
300602 2111 9128 235 1500
303212 2059 9753 91 847
305190 602 11298 1588 518
306599 2595 10792 1937 899
306599 532 10746 450 600
306599 1736 8642 843 132
306599 64 10294 1175 906
306599 1396 9984 1149 570
306599 2595 10792 1937 899
306599 532 10746 450 600
306599 1736 8642 843 132
306599 64 10294 1175 906
306599 1396 9984 1149 570
306599 2595 10792 1937 899
306599 532 10746 450 600
306599 1736 8642 843 132
306599 64 10294 1175 906
306599 1396 9984 1149 570
306599 2595 10792 1937 899
306599 532 10746 450 600
306599 1736 8642 843 132
306599 64 10294 1175 906
306599 1396 9984 1149 570
306599 2595 10792 1937 899
306599 532 10746 450 600
306599 1736 8642 843 132
306599 64 10294 1175 906
306599 1396 9984 1149 570
308664 545 9563 419 978
310139 635 10969 152 354
312576 1889 8586 1311 982
314831 289 11755 825 2265
314831 1571 10795 1849 251
314831 289 11755 825 2265
314831 1571 10795 1849 251
316004 158 10474 334 692
316004 1703 10383 1007 554
316004 298 10583 457 324
316004 158 10474 334 692
316004 1703 10383 1007 554
316004 298 10583 457 324
316004 158 10474 334 692
316004 1703 10383 1007 554
316004 298 10583 457 324
317914 1838 9688 962 655
320043 1434 10512 1052 2
320043 2156 8679 471 358
320043 1548 10332 1393 334
320043 847 9630 1675 1012
320043 2766 9874 701 1011
320043 1434 10512 1052 2
320043 2156 8679 471 358
320043 1548 10332 1393 334
320043 847 9630 1675 1012
320043 2766 9874 701 1011
320043 1434 10512 1052 2
320043 2156 8679 471 358
320043 1548 10332 1393 334
320043 847 9630 1675 1012
320043 2766 9874 701 1011
320043 1434 10512 1052 2
320043 2156 8679 471 358
320043 1548 10332 1393 334
320043 847 9630 1675 1012
320043 2766 9874 701 1011
320043 1434 10512 1052 2
320043 2156 8679 471 358
320043 1548 10332 1393 334
320043 847 9630 1675 1012
320043 2766 9874 701 1011
322089 694 9225 1323 763
324115 926 10778 127 569
326770 840 9200 1868 694
327807 1071 8502 2202 759
330440 749 8797 1811 610
330440 199 8722 2164 2488
330440 749 8797 1811 610
330440 199 8722 2164 2488
332238 1201 10372 1367 509
334311 1034 10515 10 1674
334311 450 8079 1327 219
334311 21 10805 56 671
334311 631 10213 851 1498
334311 1034 10515 10 1674
334311 450 8079 1327 219
334311 21 10805 56 671
334311 631 10213 851 1498
334311 1034 10515 10 1674
334311 450 8079 1327 219
334311 21 10805 56 671
334311 631 10213 851 1498
334311 1034 10515 10 1674
334311 450 8079 1327 219
334311 21 10805 56 671
334311 631 10213 851 1498
336029 1544 11839 1325 1463
336029 297 9399 238 1514
336029 1558 9545 1721 395
336029 1544 11839 1325 1463
336029 297 9399 238 1514
336029 1558 9545 1721 395
336029 1544 11839 1325 1463
336029 297 9399 238 1514
336029 1558 9545 1721 395
337868 1528 7091 391 744
339562 863 9398 1735 425
342521 193 11284 543 1876
342521 1488 9725 1260 2490
342521 193 11284 543 1876
342521 1488 9725 1260 2490
343721 1781 9036 2205 41
346600 1185 11771 677 644
347834 1181 9178 344 6
347834 1847 9128 1133 1163
347834 1181 9178 344 6
347834 1847 9128 1133 1163
350763 27 8005 550 572
350763 566 9497 1048 106
350763 27 8005 550 572
350763 566 9497 1048 106
352465 473 10593 715 532
354591 2 9417 741 596
354591 434 9658 180 364
354591 1359 8927 60 1265
354591 2 9417 741 596
354591 434 9658 180 364
354591 1359 8927 60 1265
354591 2 9417 741 596
354591 434 9658 180 364
354591 1359 8927 60 1265
355742 243 10183 298 3803
355742 259 8982 2983 692
355742 243 10183 298 3803
355742 259 8982 2983 692
356879 66 9847 2663 149
358499 461 9842 203 1116
358499 301 10788 257 2039
358499 476 10104 826 405
358499 461 9842 203 1116
358499 301 10788 257 2039
358499 476 10104 826 405
358499 461 9842 203 1116
358499 301 10788 257 2039
358499 476 10104 826 405
360318 1086 12075 1372 1788
363102 1520 10338 477 374
364315 2451 11074 511 910
364315 330 10019 720 721
364315 2451 11074 511 910
364315 330 10019 720 721
367244 417 10572 327 214
367244 1398 8697 618 117
367244 240 9971 74 1133
367244 417 10572 327 214
367244 1398 8697 618 117
367244 240 9971 74 1133
367244 417 10572 327 214
367244 1398 8697 618 117
367244 240 9971 74 1133
368872 1554 11168 38 1003
368872 122 10499 1938 725
368872 463 8824 1547 371
368872 1201 11831 266 255
368872 1554 11168 38 1003
368872 122 10499 1938 725
368872 463 8824 1547 371
368872 1201 11831 266 255
368872 1554 11168 38 1003
368872 122 10499 1938 725
368872 463 8824 1547 371
368872 1201 11831 266 255
368872 1554 11168 38 1003
368872 122 10499 1938 725
368872 463 8824 1547 371
368872 1201 11831 266 255
369925 1036 10896 469 783
369925 348 10423 1278 1049
369925 1036 10896 469 783
369925 348 10423 1278 1049
372822 109 9919 61 1439
374792 629 12230 1160 1483
376367 616 11261 359 65
377955 1357 10351 426 918
379770 1773 10163 1770 654
380978 285 11694 1209 226
383143 532 8739 1034 1489
385761 1698 8782 148 1545
385761 730 9392 1016 1257
385761 777 10200 1213 1058
385761 1926 8602 28 1194
385761 1698 8782 148 1545
385761 730 9392 1016 1257
385761 777 10200 1213 1058
385761 1926 8602 28 1194
385761 1698 8782 148 1545
385761 730 9392 1016 1257
385761 777 10200 1213 1058
385761 1926 8602 28 1194
385761 1698 8782 148 1545
385761 730 9392 1016 1257
385761 777 10200 1213 1058
385761 1926 8602 28 1194
388203 417 11371 1941 244
388203 1989 10091 1274 378
388203 967 9687 307 827
388203 692 8706 1115 100
388203 542 8384 1052 395
388203 1270 9055 1780 137
388203 688 7969 1813 751
388203 417 11371 1941 244
388203 1989 10091 1274 378
388203 967 9687 307 827
388203 692 8706 1115 100
388203 542 8384 1052 395
388203 1270 9055 1780 137
388203 688 7969 1813 751
388203 417 11371 1941 244
388203 1989 10091 1274 378
388203 967 9687 307 827
388203 692 8706 1115 100
388203 542 8384 1052 395
388203 1270 9055 1780 137
388203 688 7969 1813 751
388203 417 11371 1941 244
388203 1989 10091 1274 378
388203 967 9687 307 827
388203 692 8706 1115 100
388203 542 8384 1052 395
388203 1270 9055 1780 137
388203 688 7969 1813 751
388203 417 11371 1941 244
388203 1989 10091 1274 378
388203 967 9687 307 827
388203 692 8706 1115 100
388203 542 8384 1052 395
388203 1270 9055 1780 137
388203 688 7969 1813 751
388203 417 11371 1941 244
388203 1989 10091 1274 378
388203 967 9687 307 827
388203 692 8706 1115 100
388203 542 8384 1052 395
388203 1270 9055 1780 137
388203 688 7969 1813 751
388203 417 11371 1941 244
388203 1989 10091 1274 378
388203 967 9687 307 827
388203 692 8706 1115 100
388203 542 8384 1052 395
388203 1270 9055 1780 137
388203 688 7969 1813 751
390929 15 11983 2737 1728
390929 11 8376 309 2062
390929 1647 6796 658 1154
390929 15 11983 2737 1728
390929 11 8376 309 2062
390929 1647 6796 658 1154
390929 15 11983 2737 1728
390929 11 8376 309 2062
390929 1647 6796 658 1154
393599 564 9522 207 1411
395191 392 8181 198 1063
398157 868 8927 123 1151
398157 1517 11195 803 322
398157 868 8927 123 1151
398157 1517 11195 803 322
400058 849 10228 881 124
400058 1129 10741 1150 2214
400058 849 10228 881 124
400058 1129 10741 1150 2214
402288 301 10632 376 2187
402288 877 12247 459 874
402288 119 11659 1009 1599
402288 301 10632 376 2187
402288 877 12247 459 874
402288 119 11659 1009 1599
402288 301 10632 376 2187
402288 877 12247 459 874
402288 119 11659 1009 1599
404036 290 8349 636 39
404036 3406 9246 1061 32
404036 290 8349 636 39
404036 3406 9246 1061 32
406345 1241 9467 286 953
406345 1155 10763 900 339
406345 184 7956 1048 975
406345 1241 9467 286 953
406345 1155 10763 900 339
406345 184 7956 1048 975
406345 1241 9467 286 953
406345 1155 10763 900 339
406345 184 7956 1048 975
408286 1240 9452 276 1172
409688 1163 8739 976 1186
412376 588 9735 400 3859
412376 30 10544 1388 581
412376 588 9735 400 3859
412376 30 10544 1388 581
415200 26 9742 704 385
418087 220 10335 1466 1120
421050 990 10245 2274 2193
423059 1618 9571 1601 928
423059 171 10435 1612 767
423059 1618 9571 1601 928
423059 171 10435 1612 767
425410 1148 8958 279 1345
427750 1723 12340 2108 731
429807 247 8470 531 572
429807 1187 8333 12 692
429807 455 8509 3500 709
429807 1066 9754 1335 2074
429807 247 8470 531 572
429807 1187 8333 12 692
429807 455 8509 3500 709
429807 1066 9754 1335 2074
429807 247 8470 531 572
429807 1187 8333 12 692
429807 455 8509 3500 709
429807 1066 9754 1335 2074
429807 247 8470 531 572
429807 1187 8333 12 692
429807 455 8509 3500 709
429807 1066 9754 1335 2074
432772 721 10920 1724 1113
435618 953 11276 40 335
438609 452 7912 687 1363
441496 641 11027 2071 315
441496 371 9692 74 284
441496 641 11027 2071 315
441496 371 9692 74 284
444125 1015 10931 168 2068
446244 204 10580 615 515
446244 942 9584 931 2018
446244 204 10580 615 515
446244 942 9584 931 2018
448880 888 9600 560 646
450469 1008 8630 1281 414
453217 1530 8643 302 945
453217 755 11533 307 913
453217 804 12006 89 771
453217 580 8805 1978 1231
453217 1530 8643 302 945
453217 755 11533 307 913
453217 804 12006 89 771
453217 580 8805 1978 1231
453217 1530 8643 302 945
453217 755 11533 307 913
453217 804 12006 89 771
453217 580 8805 1978 1231
453217 1530 8643 302 945
453217 755 11533 307 913
453217 804 12006 89 771
453217 580 8805 1978 1231
454889 290 7676 1267 230
454889 1047 8616 106 28
454889 378 10601 844 992
454889 290 7676 1267 230
454889 1047 8616 106 28
454889 378 10601 844 992
454889 290 7676 1267 230
454889 1047 8616 106 28
454889 378 10601 844 992
457392 941 11060 899 229
457392 7 7895 796 122
457392 662 11356 213 1644
457392 941 11060 899 229
457392 7 7895 796 122
457392 662 11356 213 1644
457392 941 11060 899 229
457392 7 7895 796 122
457392 662 11356 213 1644
460302 61 9760 1237 520
463131 835 11611 2913 1763
463131 791 9181 1013 2577
463131 835 11611 2913 1763
463131 791 9181 1013 2577
464444 1505 10707 872 533
466313 424 9344 404 797
467962 1585 10736 430 1422
470647 1324 10307 187 1327
471728 386 9652 1550 275
471728 1531 11893 1041 412
471728 2006 10649 858 79
471728 386 9652 1550 275
471728 1531 11893 1041 412
471728 2006 10649 858 79
471728 386 9652 1550 275
471728 1531 11893 1041 412
471728 2006 10649 858 79
472740 1752 11762 1719 2091
472740 333 12056 1743 97
472740 1697 8064 397 1227
472740 1752 11762 1719 2091
472740 333 12056 1743 97
472740 1697 8064 397 1227
472740 1752 11762 1719 2091
472740 333 12056 1743 97
472740 1697 8064 397 1227
474743 173 10010 676 666
477194 1291 11432 151 856
479947 1501 9913 1541 1674
479947 1106 10934 752 78
479947 1501 9913 1541 1674
479947 1106 10934 752 78
481091 353 11258 101 1616
482605 272 10688 353 392
485436 276 11085 792 1032
485436 355 7552 177 1544
485436 276 11085 792 1032
485436 355 7552 177 1544
488124 98 9887 2430 47
489464 1523 11446 1914 77
489464 1692 10550 1124 526
489464 990 9704 3086 460
489464 1523 11446 1914 77
489464 1692 10550 1124 526
489464 990 9704 3086 460
489464 1523 11446 1914 77
489464 1692 10550 1124 526
489464 990 9704 3086 460
491159 210 8802 1301 2047
491159 908 10488 1580 1003
491159 2511 10157 1119 1200
491159 641 11373 1986 961
491159 210 8802 1301 2047
491159 908 10488 1580 1003
491159 2511 10157 1119 1200
491159 641 11373 1986 961
491159 210 8802 1301 2047
491159 908 10488 1580 1003
491159 2511 10157 1119 1200
491159 641 11373 1986 961
491159 210 8802 1301 2047
491159 908 10488 1580 1003
491159 2511 10157 1119 1200
491159 641 11373 1986 961
493079 2101 11408 1366 1506
493079 570 10516 4 395
493079 1404 9467 257 824
493079 2101 11408 1366 1506
493079 570 10516 4 395
493079 1404 9467 257 824
493079 2101 11408 1366 1506
493079 570 10516 4 395
493079 1404 9467 257 824
496023 811 10136 1355 1679
496023 447 8497 1297 56
496023 672 9956 156 368
496023 801 9879 3891 774
496023 811 10136 1355 1679
496023 447 8497 1297 56
496023 672 9956 156 368
496023 801 9879 3891 774
496023 811 10136 1355 1679
496023 447 8497 1297 56
496023 672 9956 156 368
496023 801 9879 3891 774
496023 811 10136 1355 1679
496023 447 8497 1297 56
496023 672 9956 156 368
496023 801 9879 3891 774
497426 1717 9066 705 277
500280 29 9507 1095 1203
501526 288 8466 486 1
501526 642 10066 1069 1550
501526 288 8466 486 1
501526 642 10066 1069 1550
504220 143 11767 179 606
505788 963 9117 1108 1240
505788 1114 7844 926 382
505788 963 9117 1108 1240
505788 1114 7844 926 382
507835 203 11685 820 287
510642 683 10944 1590 109
510642 468 10679 254 739
510642 335 8258 2337 108
510642 683 10944 1590 109
510642 468 10679 254 739
510642 335 8258 2337 108
510642 683 10944 1590 109
510642 468 10679 254 739
510642 335 8258 2337 108
512652 1419 9995 974 395
512652 2165 10006 1069 578
512652 1791 9538 563 270
512652 1419 9995 974 395
512652 2165 10006 1069 578
512652 1791 9538 563 270
512652 1419 9995 974 395
512652 2165 10006 1069 578
512652 1791 9538 563 270
514177 87 9525 1465 1513
516847 773 11349 181 985
519163 1102 9985 1307 93
519163 1109 11179 171 518
519163 1102 9985 1307 93
519163 1109 11179 171 518
521337 865 9571 754 420
521337 0 8132 1534 510
521337 865 9571 754 420
521337 0 8132 1534 510
522654 0 9617 493 58
523826 2268 9387 1563 1806
523826 8 8498 277 1057
523826 2268 9387 1563 1806
523826 8 8498 277 1057
526531 493 8972 916 814
526531 2481 9091 1138 402
526531 1166 9986 125 2351
526531 493 8972 916 814
526531 2481 9091 1138 402
526531 1166 9986 125 2351
526531 493 8972 916 814
526531 2481 9091 1138 402
526531 1166 9986 125 2351
528196 782 8663 908 1484
529828 918 10777 1061 19
529828 215 9743 58 865
529828 488 10465 962 752
529828 918 10777 1061 19
529828 215 9743 58 865
529828 488 10465 962 752
529828 918 10777 1061 19
529828 215 9743 58 865
529828 488 10465 962 752
532749 1920 9913 529 889
534823 239 9427 1834 478
537529 1350 9376 1000 263
538705 444 10196 1124 1811
538705 1052 8895 69 270
538705 588 10884 536 896
538705 444 10196 1124 1811
538705 1052 8895 69 270
538705 588 10884 536 896
538705 444 10196 1124 1811
538705 1052 8895 69 270
538705 588 10884 536 896
540159 503 10626 1177 981
540159 22 9004 1665 771
540159 503 10626 1177 981
540159 22 9004 1665 771
542115 877 10445 656 1293
544425 625 8912 2916 273
547404 1536 12580 19 1705
550061 235 7844 1001 4
550061 521 11796 984 693
550061 235 7844 1001 4
550061 521 11796 984 693
551702 1089 10391 742 1455
551702 626 7371 1186 876
551702 801 9729 701 206
551702 1089 10391 742 1455
551702 626 7371 1186 876
551702 801 9729 701 206
551702 1089 10391 742 1455
551702 626 7371 1186 876
551702 801 9729 701 206
553184 271 12545 2604 775
555652 1305 11378 1482 2067
557283 337 8704 525 1988
557283 554 10080 56 2551
557283 1317 9637 894 793
557283 337 8704 525 1988
557283 554 10080 56 2551
557283 1317 9637 894 793
557283 337 8704 525 1988
557283 554 10080 56 2551
557283 1317 9637 894 793
559951 566 7809 939 566
562146 2330 9670 790 2517
564554 64 12285 259 89
564554 1868 12033 763 913
564554 218 10303 148 1156
564554 64 12285 259 89
564554 1868 12033 763 913
564554 218 10303 148 1156
564554 64 12285 259 89
564554 1868 12033 763 913
564554 218 10303 148 1156
566314 2643 9495 2227 116
567980 1103 10639 848 0
569633 1404 7390 909 973
572562 16 10921 1273 136
574509 356 7410 464 398
576313 835 10653 362 2795
576313 589 8431 1068 1086
576313 835 10653 362 2795
576313 589 8431 1068 1086
578136 114 11609 512 236
578136 2413 11760 748 1053
578136 114 11609 512 236
578136 2413 11760 748 1053
579819 129 11887 519 1124
579819 332 8819 1570 753
579819 129 11887 519 1124
579819 332 8819 1570 753
581451 1266 10173 2294 2145
581451 1124 8812 927 805
581451 1266 10173 2294 2145
581451 1124 8812 927 805
583648 757 8262 11 894
583648 199 12739 866 1324
583648 757 8262 11 894
583648 199 12739 866 1324
583648 1375 12173 625 933
585942 350 11158 2449 1155
588442 1134 10222 2294 259
590556 1238 10983 2694 613
590556 1141 9552 1809 1816
590556 887 9766 938 91
590556 1238 10983 2694 613
590556 1141 9552 1809 1816
590556 887 9766 938 91
590556 1238 10983 2694 613
590556 1141 9552 1809 1816
590556 887 9766 938 91
593107 854 9841 1338 72
594388 425 11507 45 388
596363 215 10997 1042 183
596363 527 9755 314 794
596363 215 10997 1042 183
596363 527 9755 314 794
599341 64 11589 2304 911
599341 1662 11619 717 84
599341 64 11589 2304 911
599341 1662 11619 717 84
601636 351 11901 1411 1427
603684 1182 10513 605 573
603684 897 10772 701 2095
603684 602 11390 1189 1067
603684 1182 10513 605 573
603684 897 10772 701 2095
603684 602 11390 1189 1067
603684 1182 10513 605 573
603684 897 10772 701 2095
603684 602 11390 1189 1067
605845 809 11111 733 1615
608075 728 9477 41 1036
608075 366 12646 704 726
608075 1121 10493 243 104
608075 2451 11902 2202 1771
608075 728 9477 41 1036
608075 366 12646 704 726
608075 1121 10493 243 104
608075 2451 11902 2202 1771
608075 728 9477 41 1036
608075 366 12646 704 726
608075 1121 10493 243 104
608075 2451 11902 2202 1771
608075 728 9477 41 1036
608075 366 12646 704 726
608075 1121 10493 243 104
608075 2451 11902 2202 1771
610280 63 9198 1534 413
610280 1252 11548 1572 143
610280 63 9198 1534 413
610280 1252 11548 1572 143
612961 358 10011 605 1360
612961 197 7837 420 1807
612961 358 10011 605 1360
612961 197 7837 420 1807
615264 963 7796 1664 993
617353 2280 8770 244 257
617353 609 10849 184 376
617353 600 9677 806 443
617353 2280 8770 244 257
617353 609 10849 184 376
617353 600 9677 806 443
617353 2280 8770 244 257
617353 609 10849 184 376
617353 600 9677 806 443
618393 375 9131 2868 549
620254 222 9143 1981 1487
622293 557 7096 1274 232
622293 697 10832 375 957
622293 1099 10264 895 922
622293 1341 9489 531 911
622293 1617 9559 902 827
622293 2626 12196 478 2414
622293 445 9956 831 1329
622293 557 7096 1274 232
622293 697 10832 375 957
622293 1099 10264 895 922
622293 1341 9489 531 911
622293 1617 9559 902 827
622293 2626 12196 478 2414
622293 445 9956 831 1329
622293 557 7096 1274 232
622293 697 10832 375 957
622293 1099 10264 895 922
622293 1341 9489 531 911
622293 1617 9559 902 827
622293 2626 12196 478 2414
622293 445 9956 831 1329
622293 557 7096 1274 232
622293 697 10832 375 957
622293 1099 10264 895 922
622293 1341 9489 531 911
622293 1617 9559 902 827
622293 2626 12196 478 2414
622293 445 9956 831 1329
622293 557 7096 1274 232
622293 697 10832 375 957
622293 1099 10264 895 922
622293 1341 9489 531 911
622293 1617 9559 902 827
622293 2626 12196 478 2414
622293 445 9956 831 1329
622293 557 7096 1274 232
622293 697 10832 375 957
622293 1099 10264 895 922
622293 1341 9489 531 911
622293 1617 9559 902 827
622293 2626 12196 478 2414
622293 445 9956 831 1329
622293 557 7096 1274 232
622293 697 10832 375 957
622293 1099 10264 895 922
622293 1341 9489 531 911
622293 1617 9559 902 827
622293 2626 12196 478 2414
622293 445 9956 831 1329
623518 3741 9150 778 608
623518 450 10741 89 1466
623518 3741 9150 778 608
623518 450 10741 89 1466
626394 1883 11066 1377 1252
628030 81 10193 300 1340
629183 835 11191 2360 1122
629183 2076 8866 280 1014
629183 835 11191 2360 1122
629183 2076 8866 280 1014
630548 1833 9649 390 1578
630548 1355 11477 1432 2764
630548 22 13041 429 325
630548 1334 9612 939 2348
630548 1833 9649 390 1578
630548 1355 11477 1432 2764
630548 22 13041 429 325
630548 1334 9612 939 2348
630548 1833 9649 390 1578
630548 1355 11477 1432 2764
630548 22 13041 429 325
630548 1334 9612 939 2348
630548 1833 9649 390 1578
630548 1355 11477 1432 2764
630548 22 13041 429 325
630548 1334 9612 939 2348
633015 570 10524 11 1369
635924 109 8854 442 359
637083 1444 8368 2488 326
637083 758 9354 3133 1539
637083 1444 8368 2488 326
637083 758 9354 3133 1539
638671 980 10720 156 1772
638671 564 7414 321 1402
638671 980 10720 156 1772
638671 564 7414 321 1402
639764 643 10280 2481 2159
642149 2002 8922 690 2259
643457 1670 9615 792 1484
644915 932 9995 221 1097
644915 1218 9826 476 257
644915 932 9995 221 1097
644915 1218 9826 476 257
647605 551 9990 222 638
648712 425 11168 1926 386
648712 1007 11506 680 803
648712 425 11168 1926 386
648712 1007 11506 680 803
651243 2884 9265 1267 508
651243 486 10052 850 211
651243 413 10683 217 1888
651243 2884 9265 1267 508
651243 486 10052 850 211
651243 413 10683 217 1888
651243 2884 9265 1267 508
651243 486 10052 850 211
651243 413 10683 217 1888
652604 684 11629 2067 537
652604 768 11557 564 1960
652604 684 11629 2067 537
652604 768 11557 564 1960
655196 531 8737 1252 46
655196 246 10061 1298 81
655196 531 8737 1252 46
655196 246 10061 1298 81
656977 1799 10198 1611 714
656977 1793 10594 982 26
656977 1799 10198 1611 714
656977 1793 10594 982 26
659258 560 9042 1013 1960
661775 795 8520 555 3242
661775 1033 7475 60 805
661775 795 8520 555 3242
661775 1033 7475 60 805
663635 387 11578 2720 1261
663635 290 9154 641 2217
663635 906 9047 1479 1515
663635 387 11578 2720 1261
663635 290 9154 641 2217
663635 906 9047 1479 1515
663635 387 11578 2720 1261
663635 290 9154 641 2217
663635 906 9047 1479 1515
666226 1271 9803 9 1743
667587 127 11331 716 949
669492 1519 10047 270 352
671133 283 9963 1907 2566
672508 394 7579 984 784
674919 1516 8401 1680 955
676010 143 8806 1101 81
676010 405 8858 1873 2182
676010 143 8806 1101 81
676010 405 8858 1873 2182
678584 1118 8734 1672 1192
678584 1878 7546 2427 544
678584 1034 7366 2273 611
678584 287 8341 856 196
678584 1276 10934 650 1430
678584 1118 8734 1672 1192
678584 1878 7546 2427 544
678584 1034 7366 2273 611
678584 287 8341 856 196
678584 1276 10934 650 1430
678584 1118 8734 1672 1192
678584 1878 7546 2427 544
678584 1034 7366 2273 611
678584 287 8341 856 196
678584 1276 10934 650 1430
678584 1118 8734 1672 1192
678584 1878 7546 2427 544
678584 1034 7366 2273 611
678584 287 8341 856 196
678584 1276 10934 650 1430
678584 1118 8734 1672 1192
678584 1878 7546 2427 544
678584 1034 7366 2273 611
678584 287 8341 856 196
678584 1276 10934 650 1430
680503 933 10836 51 791
680503 1249 12277 410 2487
680503 964 11023 875 845
680503 164 9448 812 1267
680503 902 10468 1874 1165
680503 933 10836 51 791
680503 1249 12277 410 2487
680503 964 11023 875 845
680503 164 9448 812 1267
680503 902 10468 1874 1165
680503 933 10836 51 791
680503 1249 12277 410 2487
680503 964 11023 875 845
680503 164 9448 812 1267
680503 902 10468 1874 1165
680503 933 10836 51 791
680503 1249 12277 410 2487
680503 964 11023 875 845
680503 164 9448 812 1267
680503 902 10468 1874 1165
680503 933 10836 51 791
680503 1249 12277 410 2487
680503 964 11023 875 845
680503 164 9448 812 1267
680503 902 10468 1874 1165
682930 569 10918 200 1442
684213 762 12111 231 266
684213 661 7566 175 1516
684213 653 9926 165 2586
684213 748 11074 391 79
684213 762 12111 231 266
684213 661 7566 175 1516
684213 653 9926 165 2586
684213 748 11074 391 79
684213 762 12111 231 266
684213 661 7566 175 1516
684213 653 9926 165 2586
684213 748 11074 391 79
684213 762 12111 231 266
684213 661 7566 175 1516
684213 653 9926 165 2586
684213 748 11074 391 79
684213 1443 10230 869 969
686959 1304 10025 569 14
686959 2126 11522 1296 1723
686959 1304 10025 569 14
686959 2126 11522 1296 1723
689946 1345 9611 1539 536
692198 1709 10127 2318 201
692198 449 9505 1155 1549
692198 1208 9864 847 975
692198 1709 10127 2318 201
692198 449 9505 1155 1549
692198 1208 9864 847 975
692198 1709 10127 2318 201
692198 449 9505 1155 1549
692198 1208 9864 847 975
694577 2447 12069 326 921
696202 1417 10112 2919 55
696202 1302 9179 997 2981
696202 1417 10112 2919 55
696202 1302 9179 997 2981
697649 369 9592 826 660
697649 1036 10023 433 185
697649 865 8407 751 2429
697649 369 9592 826 660
697649 1036 10023 433 185
697649 865 8407 751 2429
697649 369 9592 826 660
697649 1036 10023 433 185
697649 865 8407 751 2429
700015 511 8941 613 723
702044 721 10255 728 1122
702044 739 12127 2615 544
702044 721 10255 728 1122
702044 739 12127 2615 544
703548 792 10978 337 1055
703548 1266 9457 8 976
703548 1661 10047 1158 341
703548 1842 10383 877 970
703548 37 8879 1682 145
703548 408 9367 1015 1728
703548 792 10978 337 1055
703548 1266 9457 8 976
703548 1661 10047 1158 341
703548 1842 10383 877 970
703548 37 8879 1682 145
703548 408 9367 1015 1728
703548 792 10978 337 1055
703548 1266 9457 8 976
703548 1661 10047 1158 341
703548 1842 10383 877 970
703548 37 8879 1682 145
703548 408 9367 1015 1728
703548 792 10978 337 1055
703548 1266 9457 8 976
703548 1661 10047 1158 341
703548 1842 10383 877 970
703548 37 8879 1682 145
703548 408 9367 1015 1728
703548 792 10978 337 1055
703548 1266 9457 8 976
703548 1661 10047 1158 341
703548 1842 10383 877 970
703548 37 8879 1682 145
703548 408 9367 1015 1728
703548 792 10978 337 1055
703548 1266 9457 8 976
703548 1661 10047 1158 341
703548 1842 10383 877 970
703548 37 8879 1682 145
703548 408 9367 1015 1728
705147 1207 10602 448 785
705147 53 9677 1247 646
705147 1207 10602 448 785
705147 53 9677 1247 646
706426 525 9059 1758 1179
707574 3445 10569 238 1551
707574 315 11936 1673 16
707574 367 10534 1539 91
707574 80 10136 652 813
707574 1348 8723 2196 289
707574 660 8557 1056 2434
707574 14 10367 260 615
707574 3445 10569 238 1551
707574 315 11936 1673 16
707574 367 10534 1539 91
707574 80 10136 652 813
707574 1348 8723 2196 289
707574 660 8557 1056 2434
707574 14 10367 260 615
707574 3445 10569 238 1551
707574 315 11936 1673 16
707574 367 10534 1539 91
707574 80 10136 652 813
707574 1348 8723 2196 289
707574 660 8557 1056 2434
707574 14 10367 260 615
707574 3445 10569 238 1551
707574 315 11936 1673 16
707574 367 10534 1539 91
707574 80 10136 652 813
707574 1348 8723 2196 289
707574 660 8557 1056 2434
707574 14 10367 260 615
707574 3445 10569 238 1551
707574 315 11936 1673 16
707574 367 10534 1539 91
707574 80 10136 652 813
707574 1348 8723 2196 289
707574 660 8557 1056 2434
707574 14 10367 260 615
707574 3445 10569 238 1551
707574 315 11936 1673 16
707574 367 10534 1539 91
707574 80 10136 652 813
707574 1348 8723 2196 289
707574 660 8557 1056 2434
707574 14 10367 260 615
707574 3445 10569 238 1551
707574 315 11936 1673 16
707574 367 10534 1539 91
707574 80 10136 652 813
707574 1348 8723 2196 289
707574 660 8557 1056 2434
707574 14 10367 260 615
708688 1113 9815 15 239
711094 2142 9989 1205 772
713391 960 10325 673 1837
714477 1243 10855 838 2351
714477 1313 8480 123 1318
714477 494 8999 276 997
714477 1191 9310 1082 1539
714477 1243 10855 838 2351
714477 1313 8480 123 1318
714477 494 8999 276 997
714477 1191 9310 1082 1539
714477 1243 10855 838 2351
714477 1313 8480 123 1318
714477 494 8999 276 997
714477 1191 9310 1082 1539
714477 1243 10855 838 2351
714477 1313 8480 123 1318
714477 494 8999 276 997
714477 1191 9310 1082 1539
715923 1737 9241 577 1199
715923 896 8957 1219 406
715923 965 12470 535 3458
715923 101 10254 2530 1734
715923 171 9216 1503 1041
715923 1737 9241 577 1199
715923 896 8957 1219 406
715923 965 12470 535 3458
715923 101 10254 2530 1734
715923 171 9216 1503 1041
715923 1737 9241 577 1199
715923 896 8957 1219 406
715923 965 12470 535 3458
715923 101 10254 2530 1734
715923 171 9216 1503 1041
715923 1737 9241 577 1199
715923 896 8957 1219 406
715923 965 12470 535 3458
715923 101 10254 2530 1734
715923 171 9216 1503 1041
715923 1737 9241 577 1199
715923 896 8957 1219 406
715923 965 12470 535 3458
715923 101 10254 2530 1734
715923 171 9216 1503 1041
718794 57 10550 1503 1746
718794 434 9152 622 622
718794 1419 9798 562 12
718794 132 10327 925 54
718794 57 10550 1503 1746
718794 434 9152 622 622
718794 1419 9798 562 12
718794 132 10327 925 54
718794 57 10550 1503 1746
718794 434 9152 622 622
718794 1419 9798 562 12
718794 132 10327 925 54
718794 57 10550 1503 1746
718794 434 9152 622 622
718794 1419 9798 562 12
718794 132 10327 925 54
721025 868 10676 1567 1477
722623 1780 11514 872 677
725358 1313 9947 745 359
725358 575 8931 847 1594
725358 1313 9947 745 359
725358 575 8931 847 1594
727512 2075 11815 30 1134
728675 262 9998 1627 1742
731555 1968 10798 346 1288
731555 896 9433 253 253
731555 456 9144 112 458
731555 1048 8475 1854 1457
731555 124 10577 425 781
731555 1968 10798 346 1288
731555 896 9433 253 253
731555 456 9144 112 458
731555 1048 8475 1854 1457
731555 124 10577 425 781
731555 1968 10798 346 1288
731555 896 9433 253 253
731555 456 9144 112 458
731555 1048 8475 1854 1457
731555 124 10577 425 781
731555 1968 10798 346 1288
731555 896 9433 253 253
731555 456 9144 112 458
731555 1048 8475 1854 1457
731555 124 10577 425 781
731555 1968 10798 346 1288
731555 896 9433 253 253
731555 456 9144 112 458
731555 1048 8475 1854 1457
731555 124 10577 425 781
734324 2787 11093 998 1124
736963 1109 9580 896 409
736963 555 10762 347 838
736963 876 9658 857 907
736963 1109 9580 896 409
736963 555 10762 347 838
736963 876 9658 857 907
736963 1109 9580 896 409
736963 555 10762 347 838
736963 876 9658 857 907
739911 1008 9647 2055 1060
739911 1619 10082 1378 1098
739911 468 11035 386 2252
739911 1008 9647 2055 1060
739911 1619 10082 1378 1098
739911 468 11035 386 2252
739911 1008 9647 2055 1060
739911 1619 10082 1378 1098
739911 468 11035 386 2252
741866 184 9851 1386 953
743889 711 9763 1314 1359
744928 834 12145 440 1659
744928 281 10797 1719 910
744928 319 10128 343 2982
744928 672 8742 2985 1216
744928 834 12145 440 1659
744928 281 10797 1719 910
744928 319 10128 343 2982
744928 672 8742 2985 1216
744928 834 12145 440 1659
744928 281 10797 1719 910
744928 319 10128 343 2982
744928 672 8742 2985 1216
744928 834 12145 440 1659
744928 281 10797 1719 910
744928 319 10128 343 2982
744928 672 8742 2985 1216
746756 446 8275 2112 211
746756 212 8292 902 570
746756 446 8275 2112 211
746756 212 8292 902 570
749371 1765 8472 141 267
749371 2433 10681 538 819
749371 314 8402 2016 951
749371 1765 8472 141 267
749371 2433 10681 538 819
749371 314 8402 2016 951
749371 1765 8472 141 267
749371 2433 10681 538 819
749371 314 8402 2016 951
751284 336 12429 3076 424
751284 127 9800 35 269
751284 336 12429 3076 424
751284 127 9800 35 269
753515 1250 8796 712 2329
756244 645 9769 2025 1140
756244 1455 9717 816 1314
756244 645 9769 2025 1140
756244 1455 9717 816 1314
759103 629 8990 678 306
760344 314 8566 738 918
762264 769 8885 526 144
764320 142 11492 562 1527
766093 277 12585 50 164
769073 1256 9572 875 477
769073 1446 9435 2107 2097
769073 980 10353 454 232
769073 750 10117 795 1647
769073 1256 9572 875 477
769073 1446 9435 2107 2097
769073 980 10353 454 232
769073 750 10117 795 1647
769073 1256 9572 875 477
769073 1446 9435 2107 2097
769073 980 10353 454 232
769073 750 10117 795 1647
769073 1256 9572 875 477
769073 1446 9435 2107 2097
769073 980 10353 454 232
769073 750 10117 795 1647
770944 2562 10487 1277 1083
772062 2902 10655 527 602
772062 916 11204 962 51
772062 2902 10655 527 602
772062 916 11204 962 51
775034 471 10651 58 570
777009 1435 9683 2437 404
778196 35 10299 2132 1120
780609 1056 10293 445 60
780609 1521 10929 897 1473
780609 1475 9720 187 475
780609 1056 10293 445 60
780609 1521 10929 897 1473
780609 1475 9720 187 475
780609 1056 10293 445 60
780609 1521 10929 897 1473
780609 1475 9720 187 475
780609 3282 12136 608 881
780609 1842 9553 374 379
780609 2361 12250 321 300
780609 3282 12136 608 881
780609 1842 9553 374 379
780609 2361 12250 321 300
780609 3282 12136 608 881
780609 1842 9553 374 379
780609 2361 12250 321 300
782462 1367 10669 131 140
782462 440 8467 525 3509
782462 395 11459 617 328
782462 574 9831 475 1688
782462 1367 10669 131 140
782462 440 8467 525 3509
782462 395 11459 617 328
782462 574 9831 475 1688
782462 1367 10669 131 140
782462 440 8467 525 3509
782462 395 11459 617 328
782462 574 9831 475 1688
782462 1367 10669 131 140
782462 440 8467 525 3509
782462 395 11459 617 328
782462 574 9831 475 1688
785293 1023 8174 925 331
787729 1336 7556 381 563
789966 1457 9732 878 894
791914 1447 10695 530 659
793679 463 8090 646 657
793679 586 8613 264 373
793679 463 8090 646 657
793679 586 8613 264 373
795384 1535 8441 304 853
798141 867 9797 208 28
800720 1528 11007 1641 2233
801832 650 7791 538 486
804127 224 7685 821 2628
804127 852 11158 2395 1235
804127 1402 9813 69 327
804127 1142 10649 498 1171
804127 81 9977 1492 1985
804127 3240 7209 1822 565
804127 224 7685 821 2628
804127 852 11158 2395 1235
804127 1402 9813 69 327
804127 1142 10649 498 1171
804127 81 9977 1492 1985
804127 3240 7209 1822 565
804127 224 7685 821 2628
804127 852 11158 2395 1235
804127 1402 9813 69 327
804127 1142 10649 498 1171
804127 81 9977 1492 1985
804127 3240 7209 1822 565
804127 224 7685 821 2628
804127 852 11158 2395 1235
804127 1402 9813 69 327
804127 1142 10649 498 1171
804127 81 9977 1492 1985
804127 3240 7209 1822 565
804127 224 7685 821 2628
804127 852 11158 2395 1235
804127 1402 9813 69 327
804127 1142 10649 498 1171
804127 81 9977 1492 1985
804127 3240 7209 1822 565
804127 224 7685 821 2628
804127 852 11158 2395 1235
804127 1402 9813 69 327
804127 1142 10649 498 1171
804127 81 9977 1492 1985
804127 3240 7209 1822 565
806129 650 9682 621 61
806129 1113 11188 1498 250
806129 880 10030 1131 497
806129 544 8999 442 238
806129 650 9682 621 61
806129 1113 11188 1498 250
806129 880 10030 1131 497
806129 544 8999 442 238
806129 650 9682 621 61
806129 1113 11188 1498 250
806129 880 10030 1131 497
806129 544 8999 442 238
806129 650 9682 621 61
806129 1113 11188 1498 250
806129 880 10030 1131 497
806129 544 8999 442 238
808563 834 9796 708 3042
810899 618 9763 1745 2401
810899 652 10071 1328 684
810899 618 9763 1745 2401
810899 652 10071 1328 684
812726 373 11452 651 90
815195 563 10171 2256 53
815195 625 9534 171 23
815195 563 10171 2256 53
815195 625 9534 171 23
817320 56 10804 1205 377
817320 1298 8866 211 388
817320 608 10440 1003 2131
817320 863 9124 2802 1772
817320 56 10804 1205 377
817320 1298 8866 211 388
817320 608 10440 1003 2131
817320 863 9124 2802 1772
817320 56 10804 1205 377
817320 1298 8866 211 388
817320 608 10440 1003 2131
817320 863 9124 2802 1772
817320 56 10804 1205 377
817320 1298 8866 211 388
817320 608 10440 1003 2131
817320 863 9124 2802 1772
819309 2834 10138 749 1415
819309 168 10347 841 527
819309 2834 10138 749 1415
819309 168 10347 841 527
820900 1523 7553 250 1753
823485 1265 9516 2573 76
823485 112 10474 1347 205
823485 1265 9516 2573 76
823485 112 10474 1347 205
824796 727 10069 3019 3198
826771 748 9358 1146 64
828124 575 8728 135 820
830401 1727 10678 1269 525
830401 2398 11089 103 671
830401 1727 10678 1269 525
830401 2398 11089 103 671
831589 1430 9968 367 1462
831589 1687 9577 1038 695
831589 1465 12030 152 1454
831589 1430 9968 367 1462
831589 1687 9577 1038 695
831589 1465 12030 152 1454
831589 1430 9968 367 1462
831589 1687 9577 1038 695
831589 1465 12030 152 1454
833304 549 9804 765 1455
834696 1447 10873 73 117
837359 507 9895 1798 1814
839429 2019 11705 1387 1681
839429 1740 8554 581 621
839429 2019 11705 1387 1681
839429 1740 8554 581 621
841007 802 11048 146 27
843848 887 10493 1290 318
843848 292 9812 1964 331
843848 887 10493 1290 318
843848 292 9812 1964 331
846735 664 10808 119 1609
846735 2105 10571 2314 1589
846735 784 9323 910 680
846735 558 10836 797 888
846735 558 11266 801 2543
846735 1165 7811 175 370
846735 664 10808 119 1609
846735 2105 10571 2314 1589
846735 784 9323 910 680
846735 558 10836 797 888
846735 558 11266 801 2543
846735 1165 7811 175 370
846735 664 10808 119 1609
846735 2105 10571 2314 1589
846735 784 9323 910 680
846735 558 10836 797 888
846735 558 11266 801 2543
846735 1165 7811 175 370
846735 664 10808 119 1609
846735 2105 10571 2314 1589
846735 784 9323 910 680
846735 558 10836 797 888
846735 558 11266 801 2543
846735 1165 7811 175 370
846735 664 10808 119 1609
846735 2105 10571 2314 1589
846735 784 9323 910 680
846735 558 10836 797 888
846735 558 11266 801 2543
846735 1165 7811 175 370
846735 664 10808 119 1609
846735 2105 10571 2314 1589
846735 784 9323 910 680
846735 558 10836 797 888
846735 558 11266 801 2543
846735 1165 7811 175 370
848763 2564 10401 269 910
848763 2518 9999 978 757
848763 705 9274 1623 79
848763 872 9204 404 177
848763 803 7448 30 2213
848763 2564 10401 269 910
848763 2518 9999 978 757
848763 705 9274 1623 79
848763 872 9204 404 177
848763 803 7448 30 2213
848763 2564 10401 269 910
848763 2518 9999 978 757
848763 705 9274 1623 79
848763 872 9204 404 177
848763 803 7448 30 2213
848763 2564 10401 269 910
848763 2518 9999 978 757
848763 705 9274 1623 79
848763 872 9204 404 177
848763 803 7448 30 2213
848763 2564 10401 269 910
848763 2518 9999 978 757
848763 705 9274 1623 79
848763 872 9204 404 177
848763 803 7448 30 2213
851557 679 12510 328 218
851557 1186 8527 1544 54
851557 679 12510 328 218
851557 1186 8527 1544 54
854375 410 8675 426 1353
857052 1850 9915 1392 1664
859779 134 8280 1228 993
862190 474 10876 2398 309
864144 713 10838 846 779
866613 139 9588 847 434
866613 379 11597 2375 560
866613 139 9588 847 434
866613 379 11597 2375 560
868741 599 9797 1950 515
869840 386 9465 1100 369
869840 2145 9332 175 930
869840 1539 11530 1316 1357
869840 271 9621 1143 466
869840 386 9465 1100 369
869840 2145 9332 175 930
869840 1539 11530 1316 1357
869840 271 9621 1143 466
869840 386 9465 1100 369
869840 2145 9332 175 930
869840 1539 11530 1316 1357
869840 271 9621 1143 466
869840 386 9465 1100 369
869840 2145 9332 175 930
869840 1539 11530 1316 1357
869840 271 9621 1143 466
871345 806 10335 553 370
873911 1730 10330 1311 886
876557 1171 11044 254 1493
878954 428 10800 305 870
881295 343 10897 775 1412
881295 1583 10180 1033 597
881295 343 10897 775 1412
881295 1583 10180 1033 597
882530 267 8663 1504 1515
882530 3203 11734 1533 1073
882530 267 8663 1504 1515
882530 3203 11734 1533 1073
883903 758 12257 530 915
886736 793 10404 181 1281
886736 819 12328 109 418
886736 793 10404 181 1281
886736 819 12328 109 418
888463 1357 9171 1180 1549
888463 1201 9126 812 166
888463 1357 9171 1180 1549
888463 1201 9126 812 166
890145 750 9360 784 442
891536 1798 10073 808 357
891536 186 10979 69 963
891536 1798 10073 808 357
891536 186 10979 69 963
894441 223 8171 396 422
896788 286 9113 3339 321
899360 1939 10034 888 832
900366 802 10853 498 1655
900366 1241 10040 607 600
900366 2650 11946 398 1518
900366 513 9466 695 520
900366 1037 8732 772 2147
900366 214 10692 873 1176
900366 1598 9131 104 663
900366 1053 9162 78 915
900366 999 12069 1292 2495
900366 802 10853 498 1655
900366 1241 10040 607 600
900366 2650 11946 398 1518
900366 513 9466 695 520
900366 1037 8732 772 2147
900366 214 10692 873 1176
900366 1598 9131 104 663
900366 1053 9162 78 915
900366 999 12069 1292 2495
900366 802 10853 498 1655
900366 1241 10040 607 600
900366 2650 11946 398 1518
900366 513 9466 695 520
900366 1037 8732 772 2147
900366 214 10692 873 1176
900366 1598 9131 104 663
900366 1053 9162 78 915
900366 999 12069 1292 2495
900366 802 10853 498 1655
900366 1241 10040 607 600
900366 2650 11946 398 1518
900366 513 9466 695 520
900366 1037 8732 772 2147
900366 214 10692 873 1176
900366 1598 9131 104 663
900366 1053 9162 78 915
900366 999 12069 1292 2495
900366 802 10853 498 1655
900366 1241 10040 607 600
900366 2650 11946 398 1518
900366 513 9466 695 520
900366 1037 8732 772 2147
900366 214 10692 873 1176
900366 1598 9131 104 663
900366 1053 9162 78 915
900366 999 12069 1292 2495
900366 802 10853 498 1655
900366 1241 10040 607 600
900366 2650 11946 398 1518
900366 513 9466 695 520
900366 1037 8732 772 2147
900366 214 10692 873 1176
900366 1598 9131 104 663
900366 1053 9162 78 915
900366 999 12069 1292 2495
900366 802 10853 498 1655
900366 1241 10040 607 600
900366 2650 11946 398 1518
900366 513 9466 695 520
900366 1037 8732 772 2147
900366 214 10692 873 1176
900366 1598 9131 104 663
900366 1053 9162 78 915
900366 999 12069 1292 2495
900366 802 10853 498 1655
900366 1241 10040 607 600
900366 2650 11946 398 1518
900366 513 9466 695 520
900366 1037 8732 772 2147
900366 214 10692 873 1176
900366 1598 9131 104 663
900366 1053 9162 78 915
900366 999 12069 1292 2495
900366 802 10853 498 1655
900366 1241 10040 607 600
900366 2650 11946 398 1518
900366 513 9466 695 520
900366 1037 8732 772 2147
900366 214 10692 873 1176
900366 1598 9131 104 663
900366 1053 9162 78 915
900366 999 12069 1292 2495
902049 2778 10762 1319 144
902049 2341 10743 427 59
902049 2778 10762 1319 144
902049 2341 10743 427 59
904284 3549 9360 206 823
905883 2038 7521 1196 1316
905883 1178 10590 1469 1399
905883 2038 7521 1196 1316
905883 1178 10590 1469 1399
907103 3651 10165 1781 28
910060 2129 10142 1642 297
910060 391 11751 1271 522
910060 2129 10142 1642 297
910060 391 11751 1271 522
912799 572 9449 2282 162
914831 176 8783 818 3319
914831 1126 8290 1734 1130
914831 176 8783 818 3319
914831 1126 8290 1734 1130
917043 1342 11765 426 422
919974 1165 10323 733 239
919974 1515 10566 157 1058
919974 1165 10323 733 239
919974 1515 10566 157 1058
922340 33 9387 177 876
922340 535 7235 554 1844
922340 33 9387 177 876
922340 535 7235 554 1844
924732 465 9957 599 869
926767 1556 12279 1770 1279
929676 1330 10778 290 20
931255 1223 8915 348 309
934060 2293 9081 934 715
934060 627 8835 1393 2750
934060 2293 9081 934 715
934060 627 8835 1393 2750
935659 2002 10028 1077 1422
938471 1292 9378 247 619
938471 1387 8444 2248 1261
938471 1228 10788 444 242
938471 17 8721 942 1243
938471 1292 9378 247 619
938471 1387 8444 2248 1261
938471 1228 10788 444 242
938471 17 8721 942 1243
938471 1292 9378 247 619
938471 1387 8444 2248 1261
938471 1228 10788 444 242
938471 17 8721 942 1243
938471 1292 9378 247 619
938471 1387 8444 2248 1261
938471 1228 10788 444 242
938471 17 8721 942 1243
941006 1723 7109 228 1974
943966 98 11752 1231 1318
943966 1135 12010 1160 137
943966 98 11752 1231 1318
943966 1135 12010 1160 137
946773 1367 11652 2756 2766
949409 1451 10941 1521 975
950918 3052 10769 833 1025
950918 1482 8798 1172 277
950918 3052 10769 833 1025
950918 1482 8798 1172 277
952682 700 12133 339 42
952682 199 9853 967 106
952682 700 12133 339 42
952682 199 9853 967 106
955004 958 9398 110 1020
957936 862 10266 1028 656
957936 1330 10392 214 796
957936 862 10266 1028 656
957936 1330 10392 214 796
960331 1055 10073 981 610
963042 1596 8008 920 215
963042 514 11115 780 341
963042 1596 8008 920 215
963042 514 11115 780 341
965226 329 10078 592 1167
965226 1691 8905 438 185
965226 329 10078 592 1167
965226 1691 8905 438 185
967788 1391 10178 398 1252
970529 1206 9369 420 851
972013 575 8765 459 124
973354 1093 9445 397 1204
975953 651 9179 1961 204
975953 1897 10719 904 16
975953 828 10595 1358 1437
975953 651 9179 1961 204
975953 1897 10719 904 16
975953 828 10595 1358 1437
975953 651 9179 1961 204
975953 1897 10719 904 16
975953 828 10595 1358 1437
978687 720 9790 588 2822
978687 15 10080 726 1850
978687 720 9790 588 2822
978687 15 10080 726 1850
981669 276 9679 1065 1343
981669 2257 9761 334 337
981669 68 8859 1520 53
981669 276 9679 1065 1343
981669 2257 9761 334 337
981669 68 8859 1520 53
981669 276 9679 1065 1343
981669 2257 9761 334 337
981669 68 8859 1520 53
984131 566 10709 1466 2020
987004 320 10725 1128 2000
987004 502 9361 229 1511
987004 320 10725 1128 2000
987004 502 9361 229 1511
988664 2405 9360 82 1300
988664 160 12253 765 1700
988664 2073 10059 837 16
988664 2405 9360 82 1300
988664 160 12253 765 1700
988664 2073 10059 837 16
988664 2405 9360 82 1300
988664 160 12253 765 1700
988664 2073 10059 837 16
990101 1780 9790 2259 555
990101 1671 8753 29 1685
990101 1780 9790 2259 555
990101 1671 8753 29 1685
991265 626 10466 1462 1938
991265 732 8120 1183 1409
991265 626 10466 1462 1938
991265 732 8120 1183 1409
993235 21 9980 408 1877
993235 787 11235 1077 638
993235 1420 12266 850 136
993235 216 10836 735 367
993235 177 7920 463 1305
993235 231 11344 1119 219
993235 834 9188 271 726
993235 1456 10963 2077 1037
993235 626 9835 107 1380
993235 635 9003 1833 1312
993235 21 9980 408 1877
993235 787 11235 1077 638
993235 1420 12266 850 136
993235 216 10836 735 367
993235 177 7920 463 1305
993235 231 11344 1119 219
993235 834 9188 271 726
993235 1456 10963 2077 1037
993235 626 9835 107 1380
993235 635 9003 1833 1312
993235 21 9980 408 1877
993235 787 11235 1077 638
993235 1420 12266 850 136
993235 216 10836 735 367
993235 177 7920 463 1305
993235 231 11344 1119 219
993235 834 9188 271 726
993235 1456 10963 2077 1037
993235 626 9835 107 1380
993235 635 9003 1833 1312
993235 21 9980 408 1877
993235 787 11235 1077 638
993235 1420 12266 850 136
993235 216 10836 735 367
993235 177 7920 463 1305
993235 231 11344 1119 219
993235 834 9188 271 726
993235 1456 10963 2077 1037
993235 626 9835 107 1380
993235 635 9003 1833 1312
993235 21 9980 408 1877
993235 787 11235 1077 638
993235 1420 12266 850 136
993235 216 10836 735 367
993235 177 7920 463 1305
993235 231 11344 1119 219
993235 834 9188 271 726
993235 1456 10963 2077 1037
993235 626 9835 107 1380
993235 635 9003 1833 1312
993235 21 9980 408 1877
993235 787 11235 1077 638
993235 1420 12266 850 136
993235 216 10836 735 367
993235 177 7920 463 1305
993235 231 11344 1119 219
993235 834 9188 271 726
993235 1456 10963 2077 1037
993235 626 9835 107 1380
993235 635 9003 1833 1312
993235 21 9980 408 1877
993235 787 11235 1077 638
993235 1420 12266 850 136
993235 216 10836 735 367
993235 177 7920 463 1305
993235 231 11344 1119 219
993235 834 9188 271 726
993235 1456 10963 2077 1037
993235 626 9835 107 1380
993235 635 9003 1833 1312
993235 21 9980 408 1877
993235 787 11235 1077 638
993235 1420 12266 850 136
993235 216 10836 735 367
993235 177 7920 463 1305
993235 231 11344 1119 219
993235 834 9188 271 726
993235 1456 10963 2077 1037
993235 626 9835 107 1380
993235 635 9003 1833 1312
993235 21 9980 408 1877
993235 787 11235 1077 638
993235 1420 12266 850 136
993235 216 10836 735 367
993235 177 7920 463 1305
993235 231 11344 1119 219
993235 834 9188 271 726
993235 1456 10963 2077 1037
993235 626 9835 107 1380
993235 635 9003 1833 1312
993235 21 9980 408 1877
993235 787 11235 1077 638
993235 1420 12266 850 136
993235 216 10836 735 367
993235 177 7920 463 1305
993235 231 11344 1119 219
993235 834 9188 271 726
993235 1456 10963 2077 1037
993235 626 9835 107 1380
993235 635 9003 1833 1312
995601 1400 7880 1100 1825
996976 268 9561 1155 1061
998231 1612 11142 338 1003
998231 1222 9277 623 1962
998231 1612 11142 338 1003
998231 1222 9277 623 1962
1001135 1396 10950 728 2144
1003198 1497 10699 1768 1451
1006149 24 10668 3074 779
1006149 359 11141 898 1389
1006149 1407 8300 1413 814
1006149 1034 11530 808 963
1006149 885 12104 907 736
1006149 24 10668 3074 779
1006149 359 11141 898 1389
1006149 1407 8300 1413 814
1006149 1034 11530 808 963
1006149 885 12104 907 736
1006149 24 10668 3074 779
1006149 359 11141 898 1389
1006149 1407 8300 1413 814
1006149 1034 11530 808 963
1006149 885 12104 907 736
1006149 24 10668 3074 779
1006149 359 11141 898 1389
1006149 1407 8300 1413 814
1006149 1034 11530 808 963
1006149 885 12104 907 736
1006149 24 10668 3074 779
1006149 359 11141 898 1389
1006149 1407 8300 1413 814
1006149 1034 11530 808 963
1006149 885 12104 907 736
1008108 1696 9173 25 2062
1010005 193 9326 2556 1129
1010005 1091 11993 384 996
1010005 518 9957 709 261
1010005 1091 11993 384 996
1010005 518 9957 709 261
1011582 1745 10635 806 2049
1011582 281 9667 1617 526
1011582 990 9879 252 1120
1011582 1049 9811 326 1640
1011582 1745 10635 806 2049
1011582 281 9667 1617 526
1011582 990 9879 252 1120
1011582 1049 9811 326 1640
1011582 1745 10635 806 2049
1011582 281 9667 1617 526
1011582 990 9879 252 1120
1011582 1049 9811 326 1640
1011582 1745 10635 806 2049
1011582 281 9667 1617 526
1011582 990 9879 252 1120
1011582 1049 9811 326 1640
1014572 1265 10351 1173 0
1016785 1121 9115 200 111
1019741 1291 10014 502 365
1019741 1153 11121 642 1766
1019741 1418 10652 160 1258
1019741 1493 9133 282 827
1019741 1291 10014 502 365
1019741 1153 11121 642 1766
1019741 1418 10652 160 1258
1019741 1493 9133 282 827
1019741 1291 10014 502 365
1019741 1153 11121 642 1766
1019741 1418 10652 160 1258
1019741 1493 9133 282 827
1019741 1291 10014 502 365
1019741 1153 11121 642 1766
1019741 1418 10652 160 1258
1019741 1493 9133 282 827
1021796 1078 11007 548 97
1023074 241 9893 68 978
1023074 18 9756 2388 148
1023074 1538 11246 1521 1292
1023074 241 9893 68 978
1023074 18 9756 2388 148
1023074 1538 11246 1521 1292
1023074 241 9893 68 978
1023074 18 9756 2388 148
1023074 1538 11246 1521 1292
1025701 470 10902 1743 7
1025701 2490 9756 784 172
1025701 243 9651 1402 691
1025701 2144 11338 1435 557
1025701 530 10113 1786 2883
1025701 168 11297 959 1016
1025701 2036 9963 3699 505
1025701 178 10658 1173 2442
1025701 470 10902 1743 7
1025701 2490 9756 784 172
1025701 243 9651 1402 691
1025701 2144 11338 1435 557
1025701 530 10113 1786 2883
1025701 168 11297 959 1016
1025701 2036 9963 3699 505
1025701 178 10658 1173 2442
1025701 470 10902 1743 7
1025701 2490 9756 784 172
1025701 243 9651 1402 691
1025701 2144 11338 1435 557
1025701 530 10113 1786 2883
1025701 168 11297 959 1016
1025701 2036 9963 3699 505
1025701 178 10658 1173 2442
1025701 470 10902 1743 7
1025701 2490 9756 784 172
1025701 243 9651 1402 691
1025701 2144 11338 1435 557
1025701 530 10113 1786 2883
1025701 168 11297 959 1016
1025701 2036 9963 3699 505
1025701 178 10658 1173 2442
1025701 470 10902 1743 7
1025701 2490 9756 784 172
1025701 243 9651 1402 691
1025701 2144 11338 1435 557
1025701 530 10113 1786 2883
1025701 168 11297 959 1016
1025701 2036 9963 3699 505
1025701 178 10658 1173 2442
1025701 470 10902 1743 7
1025701 2490 9756 784 172
1025701 243 9651 1402 691
1025701 2144 11338 1435 557
1025701 530 10113 1786 2883
1025701 168 11297 959 1016
1025701 2036 9963 3699 505
1025701 178 10658 1173 2442
1025701 470 10902 1743 7
1025701 2490 9756 784 172
1025701 243 9651 1402 691
1025701 2144 11338 1435 557
1025701 530 10113 1786 2883
1025701 168 11297 959 1016
1025701 2036 9963 3699 505
1025701 178 10658 1173 2442
1025701 470 10902 1743 7
1025701 2490 9756 784 172
1025701 243 9651 1402 691
1025701 2144 11338 1435 557
1025701 530 10113 1786 2883
1025701 168 11297 959 1016
1025701 2036 9963 3699 505
1025701 178 10658 1173 2442
1028229 77 12085 438 1392
1028229 1985 8655 1440 698
1028229 77 12085 438 1392
1028229 1985 8655 1440 698
1029845 599 8030 1656 707
1032646 1995 10428 972 637
1034840 1067 11893 646 525
1034840 152 8537 574 967
1034840 705 7666 2388 3249
1034840 1067 11893 646 525
1034840 152 8537 574 967
1034840 705 7666 2388 3249
1034840 1067 11893 646 525
1034840 152 8537 574 967
1034840 705 7666 2388 3249
1037689 741 9855 18 1239
1037689 108 8331 329 535
1037689 2076 10853 1688 49
1037689 958 9143 769 286
1037689 741 9855 18 1239
1037689 108 8331 329 535
1037689 2076 10853 1688 49
1037689 958 9143 769 286
1037689 741 9855 18 1239
1037689 108 8331 329 535
1037689 2076 10853 1688 49
1037689 958 9143 769 286
1037689 741 9855 18 1239
1037689 108 8331 329 535
1037689 2076 10853 1688 49
1037689 958 9143 769 286
1039507 401 10625 1143 1929
1039507 2610 9341 2093 1003
1039507 401 10625 1143 1929
1039507 2610 9341 2093 1003
1041141 581 10148 174 864
1041141 768 10941 40 89
1041141 883 11192 1110 312
1041141 452 10973 1590 1645
1041141 837 10936 1881 1655
1041141 581 10148 174 864
1041141 768 10941 40 89
1041141 883 11192 1110 312
1041141 452 10973 1590 1645
1041141 837 10936 1881 1655
1041141 581 10148 174 864
1041141 768 10941 40 89
1041141 883 11192 1110 312
1041141 452 10973 1590 1645
1041141 837 10936 1881 1655
1041141 581 10148 174 864
1041141 768 10941 40 89
1041141 883 11192 1110 312
1041141 452 10973 1590 1645
1041141 837 10936 1881 1655
1041141 581 10148 174 864
1041141 768 10941 40 89
1041141 883 11192 1110 312
1041141 452 10973 1590 1645
1041141 837 10936 1881 1655
1043058 1915 8244 179 166
1044520 120 9815 380 2563
1047512 1346 10022 1059 48
1047512 2211 8877 1945 1628
1047512 2188 10742 2548 307
1047512 1316 9217 1912 1209
1047512 1346 10022 1059 48
1047512 2211 8877 1945 1628
1047512 2188 10742 2548 307
1047512 1316 9217 1912 1209
1047512 1346 10022 1059 48
1047512 2211 8877 1945 1628
1047512 2188 10742 2548 307
1047512 1316 9217 1912 1209
1047512 1346 10022 1059 48
1047512 2211 8877 1945 1628
1047512 2188 10742 2548 307
1047512 1316 9217 1912 1209
1048577 151 9939 2620 52
1048577 777 9602 751 747
1048577 151 9939 2620 52
1048577 777 9602 751 747
1050848 1426 10645 1271 579
1050848 636 10638 1094 1955
1050848 2491 9651 1069 2243
1050848 1426 10645 1271 579
1050848 636 10638 1094 1955
1050848 2491 9651 1069 2243
1050848 1426 10645 1271 579
1050848 636 10638 1094 1955
1050848 2491 9651 1069 2243
1053676 2129 9926 917 1522
1053676 501 11616 345 332
1053676 2129 9926 917 1522
1053676 501 11616 345 332
1055487 308 13723 2160 1154
1055487 313 10263 883 1806
1055487 336 10559 1058 1079
1055487 156 9411 222 1773
1055487 110 9586 687 2569
1055487 308 13723 2160 1154
1055487 313 10263 883 1806
1055487 336 10559 1058 1079
1055487 156 9411 222 1773
1055487 110 9586 687 2569
1055487 308 13723 2160 1154
1055487 313 10263 883 1806
1055487 336 10559 1058 1079
1055487 156 9411 222 1773
1055487 110 9586 687 2569
1055487 308 13723 2160 1154
1055487 313 10263 883 1806
1055487 336 10559 1058 1079
1055487 156 9411 222 1773
1055487 110 9586 687 2569
1055487 308 13723 2160 1154
1055487 313 10263 883 1806
1055487 336 10559 1058 1079
1055487 156 9411 222 1773
1055487 110 9586 687 2569
1057469 380 9043 1215 1236
1059253 550 8943 482 132
1061918 1330 8796 424 2662
1063489 965 10030 498 263
1065810 888 10114 1831 1896
1068705 1989 9420 348 1396
1070403 1082 10263 74 2465
1070403 1456 10224 1543 786
1070403 1082 10263 74 2465
1070403 1456 10224 1543 786
1071750 550 9846 914 1354
1074006 1843 10611 23 2199
1076410 630 9080 1913 2022
1076410 1452 7410 1611 1381
1076410 630 9080 1913 2022
1076410 1452 7410 1611 1381
1079188 166 11481 1143 60
1081647 741 9908 318 2049
1083599 2016 10876 1113 756
1085465 404 9223 325 488
1087611 388 9463 1360 1048
1090203 122 11617 1140 2564
1090203 496 11004 738 1278
1090203 1049 10073 329 783
1090203 179 9822 704 138
1090203 721 11674 1668 2477
1090203 122 11617 1140 2564
1090203 496 11004 738 1278
1090203 1049 10073 329 783
1090203 179 9822 704 138
1090203 721 11674 1668 2477
1090203 122 11617 1140 2564
1090203 496 11004 738 1278
1090203 1049 10073 329 783
1090203 179 9822 704 138
1090203 721 11674 1668 2477
1090203 122 11617 1140 2564
1090203 496 11004 738 1278
1090203 1049 10073 329 783
1090203 179 9822 704 138
1090203 721 11674 1668 2477
1090203 122 11617 1140 2564
1090203 496 11004 738 1278
1090203 1049 10073 329 783
1090203 179 9822 704 138
1090203 721 11674 1668 2477
1092199 1719 12641 109 599
1092199 642 9798 474 499
1092199 605 11293 216 836
1092199 365 9171 1572 763
1092199 1719 12641 109 599
1092199 642 9798 474 499
1092199 605 11293 216 836
1092199 365 9171 1572 763
1092199 1719 12641 109 599
1092199 642 9798 474 499
1092199 605 11293 216 836
1092199 365 9171 1572 763
1092199 1719 12641 109 599
1092199 642 9798 474 499
1092199 605 11293 216 836
1092199 365 9171 1572 763
1094330 544 10640 1411 785
1094330 2369 12379 718 1065
1094330 544 10640 1411 785
1094330 2369 12379 718 1065
1095715 2038 11398 917 553
1095715 1289 7735 361 1621
1095715 2038 11398 917 553
1095715 1289 7735 361 1621
1098548 1145 10780 1647 1084
1100529 1780 11877 2730 2180
1100529 1331 11459 723 1168
1100529 1780 11877 2730 2180
1100529 1331 11459 723 1168
1101801 1505 12684 1262 1247
1102930 1501 11519 990 182
1102930 190 11565 1213 2002
1102930 1501 11519 990 182
1102930 190 11565 1213 2002
1104598 183 7248 494 528
1104598 1122 12765 1503 1487
1104598 1076 8736 833 999
1104598 335 8728 3403 214
1104598 183 7248 494 528
1104598 1122 12765 1503 1487
1104598 1076 8736 833 999
1104598 335 8728 3403 214
1104598 183 7248 494 528
1104598 1122 12765 1503 1487
1104598 1076 8736 833 999
1104598 335 8728 3403 214
1104598 183 7248 494 528
1104598 1122 12765 1503 1487
1104598 1076 8736 833 999
1104598 335 8728 3403 214
1104598 1128 9260 121 154
1106838 2179 11414 1039 270
1106838 2986 8694 664 1008
1106838 2179 11414 1039 270
1106838 2986 8694 664 1008
1108049 395 11706 58 599
1108049 1695 9348 1968 344
1108049 395 11706 58 599
1108049 1695 9348 1968 344
1110742 692 9713 342 614
1110742 2248 8254 1444 2046
1110742 692 9713 342 614
1110742 2248 8254 1444 2046
1112036 218 9871 82 1526
1113131 223 11350 918 621
1113131 89 9972 537 286
1113131 932 9049 1570 2763
1113131 906 10868 75 490
1113131 223 11350 918 621
1113131 89 9972 537 286
1113131 932 9049 1570 2763
1113131 906 10868 75 490
1113131 223 11350 918 621
1113131 89 9972 537 286
1113131 932 9049 1570 2763
1113131 906 10868 75 490
1113131 223 11350 918 621
1113131 89 9972 537 286
1113131 932 9049 1570 2763
1113131 906 10868 75 490
1114494 226 8644 425 719
1114494 269 11031 3094 807
1114494 226 8644 425 719
1114494 269 11031 3094 807
1117247 588 10421 3063 219
1117247 1696 12043 421 546
1117247 1193 8698 1398 814
1117247 588 10421 3063 219
1117247 1696 12043 421 546
1117247 1193 8698 1398 814
1117247 588 10421 3063 219
1117247 1696 12043 421 546
1117247 1193 8698 1398 814
1118538 1239 11677 1448 1046
1118538 1733 10471 609 1845
1118538 1239 11677 1448 1046
1118538 1733 10471 609 1845
1119964 75 9727 1993 117
1119964 469 6831 917 2102
1119964 75 9727 1993 117
1119964 469 6831 917 2102
1122335 1479 9659 1281 647
1122335 98 10210 503 1207
1122335 1479 9659 1281 647
1122335 98 10210 503 1207
1125230 331 9827 604 1579
1126288 642 9332 2333 907
1126288 871 10860 186 618
1126288 642 9332 2333 907
1126288 871 10860 186 618
1128254 871 12323 1345 1866
1128254 1152 8106 181 214
1128254 949 8932 868 1248
1128254 871 12323 1345 1866
1128254 1152 8106 181 214
1128254 949 8932 868 1248
1128254 871 12323 1345 1866
1128254 1152 8106 181 214
1128254 949 8932 868 1248
1130747 1944 10718 900 959
1130747 455 9255 1707 948
1130747 1631 9884 1254 258
1130747 1944 10718 900 959
1130747 455 9255 1707 948
1130747 1631 9884 1254 258
1130747 1944 10718 900 959
1130747 455 9255 1707 948
1130747 1631 9884 1254 258
1132814 203 9044 826 810
1132814 944 9199 2942 1224
1132814 203 9044 826 810
1132814 944 9199 2942 1224
1135245 225 9591 566 1123
1138029 75 9965 518 821
1138029 11 9582 425 299
1138029 75 9965 518 821
1138029 11 9582 425 299
1139358 1374 11122 1204 349
1139358 991 7538 1296 328
1139358 1165 8054 1045 429
1139358 1374 11122 1204 349
1139358 991 7538 1296 328
1139358 1165 8054 1045 429
1139358 1374 11122 1204 349
1139358 991 7538 1296 328
1139358 1165 8054 1045 429
1142098 344 7382 553 1634
1142098 653 12279 897 1560
1142098 344 7382 553 1634
1142098 653 12279 897 1560
1145004 1346 11950 336 1535
1145004 1151 9018 1231 1256
1145004 1346 11950 336 1535
1145004 1151 9018 1231 1256
1147450 2325 10562 1537 716
1147450 391 11408 544 284
1147450 2325 10562 1537 716
1147450 391 11408 544 284
1149796 674 10924 693 374
1152405 682 9539 69 828
1152405 187 10016 139 236
1152405 2005 8419 901 523
1152405 682 9539 69 828
1152405 187 10016 139 236
1152405 2005 8419 901 523
1152405 682 9539 69 828
1152405 187 10016 139 236
1152405 2005 8419 901 523
1152405 548 10795 1761 299
1154675 759 11215 1858 3625
1154675 1577 9125 1846 238
1154675 759 11215 1858 3625
1154675 1577 9125 1846 238
1156592 508 8188 1677 2104
1156592 1207 8353 1012 127
1156592 598 9455 411 1118
1156592 355 10312 832 2459
1156592 532 9735 21 229
1156592 508 8188 1677 2104
1156592 1207 8353 1012 127
1156592 598 9455 411 1118
1156592 355 10312 832 2459
1156592 532 9735 21 229
1156592 508 8188 1677 2104
1156592 1207 8353 1012 127
1156592 598 9455 411 1118
1156592 355 10312 832 2459
1156592 532 9735 21 229
1156592 508 8188 1677 2104
1156592 1207 8353 1012 127
1156592 598 9455 411 1118
1156592 355 10312 832 2459
1156592 532 9735 21 229
1156592 508 8188 1677 2104
1156592 1207 8353 1012 127
1156592 598 9455 411 1118
1156592 355 10312 832 2459
1156592 532 9735 21 229
1158055 799 8506 902 297
1158055 1016 9605 69 2348
1158055 799 8506 902 297
1158055 1016 9605 69 2348
1159747 2094 11236 1322 716
1161093 2751 9831 704 148
1163393 462 7770 1631 1228
1164827 1154 11104 181 1366
1164827 453 10189 13 2220
1164827 1156 11642 964 1293
1164827 1154 11104 181 1366
1164827 453 10189 13 2220
1164827 1156 11642 964 1293
1164827 1154 11104 181 1366
1164827 453 10189 13 2220
1164827 1156 11642 964 1293
1166974 280 9545 223 1342
1166974 2693 11454 1497 1441
1166974 280 9545 223 1342
1166974 2693 11454 1497 1441
1168336 1487 9772 3013 179
1170275 1277 9317 893 509
1170275 197 8153 2222 400
1170275 1277 9317 893 509
1170275 197 8153 2222 400
1171832 712 8057 773 412
1173850 695 10758 1589 2020
1175391 1065 7876 657 823
1175391 538 9081 2368 1961
1175391 1820 8904 2922 565
1175391 1065 7876 657 823
1175391 538 9081 2368 1961
1175391 1820 8904 2922 565
1175391 1065 7876 657 823
1175391 538 9081 2368 1961
1175391 1820 8904 2922 565
1177569 565 11116 283 913
1180079 281 9633 409 1365
1180079 69 11324 202 1390
1180079 281 9633 409 1365
1180079 69 11324 202 1390
1182450 242 9768 780 1284
1182450 638 8260 281 230
1182450 1715 11588 588 1073
1182450 242 9768 780 1284
1182450 638 8260 281 230
1182450 1715 11588 588 1073
1182450 242 9768 780 1284
1182450 638 8260 281 230
1182450 1715 11588 588 1073
1184371 207 8396 168 1364
1184371 13 10248 1373 574
1184371 207 8396 168 1364
1184371 13 10248 1373 574
1187354 2113 8815 1679 1960
1189122 433 10454 1923 623
1190390 197 8345 1185 20
1190390 1121 7396 189 171
1190390 197 8345 1185 20
1190390 1121 7396 189 171
1193209 2337 11341 1822 748
1195273 788 10277 755 477
1197464 859 11010 499 2403
1197464 2053 8601 113 1047
1197464 1282 8695 688 208
1197464 859 11010 499 2403
1197464 2053 8601 113 1047
1197464 1282 8695 688 208
1197464 859 11010 499 2403
1197464 2053 8601 113 1047
1197464 1282 8695 688 208
1199784 304 8641 1527 289
1201031 1702 11835 1810 132
1202951 881 8256 1838 272
1202951 619 9636 881 204
1202951 168 10778 510 93
1202951 881 8256 1838 272
1202951 619 9636 881 204
1202951 168 10778 510 93
1202951 881 8256 1838 272
1202951 619 9636 881 204
1202951 168 10778 510 93
1204766 701 9197 1480 195
1207541 1320 11489 591 122
1209423 1139 9361 717 769
1209423 837 8141 1523 134
1209423 1139 9361 717 769
1209423 837 8141 1523 134
1211282 40 10533 1818 283
1212913 878 10701 281 174
1212913 701 9703 3909 119
1212913 878 10701 281 174
1212913 701 9703 3909 119
1215240 1273 9946 586 85
1215240 54 10794 1298 1577
1215240 60 11793 815 628
1215240 1273 9946 586 85
1215240 54 10794 1298 1577
1215240 60 11793 815 628
1215240 1273 9946 586 85
1215240 54 10794 1298 1577
1215240 60 11793 815 628
1216575 913 9752 404 1005
1216575 2089 8224 1947 1313
1216575 913 9752 404 1005
1216575 2089 8224 1947 1313
1218994 1379 9732 1440 1661
1218994 1234 8357 381 2247
1218994 1379 9732 1440 1661
1218994 1234 8357 381 2247
1220562 811 8847 1175 1982
1221979 585 10975 1151 717
1221979 617 11480 1819 216
1221979 801 8735 1015 2059
1221979 585 10975 1151 717
1221979 617 11480 1819 216
1221979 801 8735 1015 2059
1221979 585 10975 1151 717
1221979 617 11480 1819 216
1221979 801 8735 1015 2059
1223826 2707 8758 1170 989
1223826 1237 10223 1107 1077
1223826 2707 8758 1170 989
1223826 1237 10223 1107 1077
1224924 1036 9989 1045 84
1227660 992 10820 881 1342
1230290 1771 9449 2666 2137
1232745 1318 9510 179 457
1234069 1103 10754 1372 1265
1236604 540 8271 898 2248
1238502 1732 8445 1428 347
1238502 869 11644 916 768
1238502 1732 8445 1428 347
1238502 869 11644 916 768
1241218 72 10424 1354 707
1242429 325 10436 962 234
1242429 241 9455 832 1123
1242429 337 9470 1058 767
1242429 325 10436 962 234
1242429 241 9455 832 1123
1242429 337 9470 1058 767
1242429 325 10436 962 234
1242429 241 9455 832 1123
1242429 337 9470 1058 767
1244854 1173 8530 673 725
1246321 1349 10821 2334 1726
1247422 315 9852 114 817
1248819 1132 10963 651 1464
1251180 71 9375 740 1459
1253823 795 10261 768 1034
1255433 421 10394 128 1617
1255433 426 8611 890 1261
1255433 42 7692 52 404
1255433 421 10394 128 1617
1255433 426 8611 890 1261
1255433 42 7692 52 404
1255433 421 10394 128 1617
1255433 426 8611 890 1261
1255433 42 7692 52 404
1257826 75 11889 407 297
1260111 752 9149 1250 539
1262457 1020 7363 732 351
1262457 1613 7275 689 405
1262457 1020 7363 732 351
1262457 1613 7275 689 405
1264221 1256 7918 275 1344
1265386 724 9498 1849 395
1267236 754 11216 201 1640
1267236 96 8244 2329 1114
1267236 754 11216 201 1640
1267236 96 8244 2329 1114
1269538 141 7787 1468 528
1269538 23 11476 2124 475
1269538 1154 9436 463 477
1269538 141 7787 1468 528
1269538 23 11476 2124 475
1269538 1154 9436 463 477
1269538 141 7787 1468 528
1269538 23 11476 2124 475
1269538 1154 9436 463 477
1269538 133 9611 237 1083
1271678 1563 9769 502 362
1272974 182 10149 1951 1006
1274070 1220 8123 447 951
1275885 2836 9999 164 2565
1275885 496 9349 600 2277
1275885 982 8700 1073 831
1275885 2690 11476 2030 1640
1275885 2836 9999 164 2565
1275885 496 9349 600 2277
1275885 982 8700 1073 831
1275885 2690 11476 2030 1640
1275885 2836 9999 164 2565
1275885 496 9349 600 2277
1275885 982 8700 1073 831
1275885 2690 11476 2030 1640
1275885 2836 9999 164 2565
1275885 496 9349 600 2277
1275885 982 8700 1073 831
1275885 2690 11476 2030 1640
1277562 778 11569 58 1244
1277562 9 9510 2754 106
1277562 778 11569 58 1244
1277562 9 9510 2754 106
1278854 645 11562 1723 2339
1280037 2137 10511 1261 1811
1280037 2353 9895 469 700
1280037 1578 12118 371 1531
1280037 169 9119 1419 1379
1280037 2137 10511 1261 1811
1280037 2353 9895 469 700
1280037 1578 12118 371 1531
1280037 169 9119 1419 1379
1280037 2137 10511 1261 1811
1280037 2353 9895 469 700
1280037 1578 12118 371 1531
1280037 169 9119 1419 1379
1280037 2137 10511 1261 1811
1280037 2353 9895 469 700
1280037 1578 12118 371 1531
1280037 169 9119 1419 1379
1281585 1404 9763 1 51
1281585 1986 11754 1135 761
1281585 1206 10318 654 1157
1281585 1404 9763 1 51
1281585 1986 11754 1135 761
1281585 1206 10318 654 1157
1281585 1404 9763 1 51
1281585 1986 11754 1135 761
1281585 1206 10318 654 1157
1283630 1598 9762 647 484
1284688 692 11771 90 20
1287068 530 8519 541 829
1288804 1322 9284 747 315
1291081 2839 8681 2370 2516
1291081 1294 10507 2585 1134
1291081 286 10671 373 1063
1291081 2839 8681 2370 2516
1291081 1294 10507 2585 1134
1291081 286 10671 373 1063
1291081 2839 8681 2370 2516
1291081 1294 10507 2585 1134
1291081 286 10671 373 1063
1294016 292 10240 2155 2251
1294016 1494 13285 364 1073
1294016 452 8537 510 942
1294016 521 10325 740 185
1294016 292 10240 2155 2251
1294016 1494 13285 364 1073
1294016 452 8537 510 942
1294016 521 10325 740 185
1294016 292 10240 2155 2251
1294016 1494 13285 364 1073
1294016 452 8537 510 942
1294016 521 10325 740 185
1294016 292 10240 2155 2251
1294016 1494 13285 364 1073
1294016 452 8537 510 942
1294016 521 10325 740 185
1295829 899 10082 1214 1160
1298643 1332 9153 1119 382
1298643 843 9758 848 1171
1298643 648 9032 1567 1517
1298643 1332 9153 1119 382
1298643 843 9758 848 1171
1298643 648 9032 1567 1517
1298643 1332 9153 1119 382
1298643 843 9758 848 1171
1298643 648 9032 1567 1517
1300307 830 9342 676 2590
1301600 1851 10520 857 3383
1304148 452 10697 700 2375
1307033 1150 8697 125 1584
1308918 87 9247 773 1283
1308918 268 10205 1057 1252
1308918 1633 12186 1103 1536
1308918 87 9247 773 1283
1308918 268 10205 1057 1252
1308918 1633 12186 1103 1536
1308918 87 9247 773 1283
1308918 268 10205 1057 1252
1308918 1633 12186 1103 1536
1310725 229 9801 1232 1708
1310725 420 10316 899 336
1310725 229 9801 1232 1708
1310725 420 10316 899 336
1311821 801 9741 1647 1037
1313560 616 10500 469 343
1315511 923 8509 445 2667
1317379 23 11153 292 752
1317379 293 9621 230 1480
1317379 584 12133 746 363
1317379 23 11153 292 752
1317379 293 9621 230 1480
1317379 584 12133 746 363
1317379 23 11153 292 752
1317379 293 9621 230 1480
1317379 584 12133 746 363
1318939 404 10108 993 2385
1321513 1465 9045 2097 660
1324029 673 12033 831 1788
1324029 593 10740 890 2086
1324029 374 10385 1176 938
1324029 4670 9324 1698 140
1324029 673 12033 831 1788
1324029 593 10740 890 2086
1324029 374 10385 1176 938
1324029 4670 9324 1698 140
1324029 673 12033 831 1788
1324029 593 10740 890 2086
1324029 374 10385 1176 938
1324029 4670 9324 1698 140
1324029 673 12033 831 1788
1324029 593 10740 890 2086
1324029 374 10385 1176 938
1324029 4670 9324 1698 140
1325809 81 9144 451 2263
1327077 1054 9869 1129 204
1327077 22 10241 383 2247
1327077 1054 9869 1129 204
1327077 22 10241 383 2247
1328988 1249 10078 1326 2102
1330393 1249 10339 84 866
1330393 381 9273 406 164
1330393 1249 10339 84 866
1330393 381 9273 406 164
1332533 244 10926 1157 835
1334112 559 12088 747 271
1336617 729 7833 84 677
1337803 1482 9859 613 1458
1340415 56 6913 461 437
1340415 704 9613 1120 391
1340415 56 6913 461 437
1340415 704 9613 1120 391
1342370 12 9579 378 448
1345188 521 10370 1489 2637
1348110 2338 10916 904 1220
1348110 1025 11289 1687 1387
1348110 109 12711 881 1309
1348110 2338 10916 904 1220
1348110 1025 11289 1687 1387
1348110 109 12711 881 1309
1348110 2338 10916 904 1220
1348110 1025 11289 1687 1387
1348110 109 12711 881 1309
1350602 340 9051 2458 245
1351975 1239 10630 929 78
1351975 1092 9947 2158 1371
1351975 75 10895 748 435
1351975 1239 10630 929 78
1351975 1092 9947 2158 1371
1351975 75 10895 748 435
1351975 1239 10630 929 78
1351975 1092 9947 2158 1371
1351975 75 10895 748 435
1353355 283 7964 2228 583
1353355 211 10375 248 252
1353355 1054 8901 61 588
1353355 1180 9379 1116 1103
1353355 397 10683 293 692
1353355 48 10999 118 1445
1353355 1889 8813 815 1698
1353355 283 7964 2228 583
1353355 211 10375 248 252
1353355 1054 8901 61 588
1353355 1180 9379 1116 1103
1353355 397 10683 293 692
1353355 48 10999 118 1445
1353355 1889 8813 815 1698
1353355 283 7964 2228 583
1353355 211 10375 248 252
1353355 1054 8901 61 588
1353355 1180 9379 1116 1103
1353355 397 10683 293 692
1353355 48 10999 118 1445
1353355 1889 8813 815 1698
1353355 283 7964 2228 583
1353355 211 10375 248 252
1353355 1054 8901 61 588
1353355 1180 9379 1116 1103
1353355 397 10683 293 692
1353355 48 10999 118 1445
1353355 1889 8813 815 1698
1353355 283 7964 2228 583
1353355 211 10375 248 252
1353355 1054 8901 61 588
1353355 1180 9379 1116 1103
1353355 397 10683 293 692
1353355 48 10999 118 1445
1353355 1889 8813 815 1698
1353355 283 7964 2228 583
1353355 211 10375 248 252
1353355 1054 8901 61 588
1353355 1180 9379 1116 1103
1353355 397 10683 293 692
1353355 48 10999 118 1445
1353355 1889 8813 815 1698
1353355 283 7964 2228 583
1353355 211 10375 248 252
1353355 1054 8901 61 588
1353355 1180 9379 1116 1103
1353355 397 10683 293 692
1353355 48 10999 118 1445
1353355 1889 8813 815 1698
1354950 172 10482 1778 1914
1354950 1221 12273 1363 140
1354950 172 10482 1778 1914
1354950 1221 12273 1363 140
1356618 1101 9853 1449 786
1356618 729 10686 131 150
1356618 1993 9420 711 1694
1356618 1101 9853 1449 786
1356618 729 10686 131 150
1356618 1993 9420 711 1694
1356618 1101 9853 1449 786
1356618 729 10686 131 150
1356618 1993 9420 711 1694
1358163 517 10020 215 24
1358163 1735 10576 381 120
1358163 517 10020 215 24
1358163 1735 10576 381 120
1360672 1435 8707 383 271
1360672 531 8326 153 322
1360672 1435 8707 383 271
1360672 531 8326 153 322
1363163 750 10847 1318 659
1363163 853 9606 1352 337
1363163 750 10847 1318 659
1363163 853 9606 1352 337
1365707 1396 12088 381 74
1365707 1627 9277 1374 2683
1365707 2535 9429 1002 1075
1365707 1396 12088 381 74
1365707 1627 9277 1374 2683
1365707 2535 9429 1002 1075
1365707 1396 12088 381 74
1365707 1627 9277 1374 2683
1365707 2535 9429 1002 1075
1368188 1386 9008 2320 3159
1368188 98 9904 725 1836
1368188 555 9755 872 857
1368188 1386 9008 2320 3159
1368188 98 9904 725 1836
1368188 555 9755 872 857
1368188 1386 9008 2320 3159
1368188 98 9904 725 1836
1368188 555 9755 872 857
1370489 445 8795 450 914
1370489 1073 6204 1845 1087
1372622 996 9833 1564 638
1372622 307 11290 2530 1879
1372622 809 8119 1827 881
1372622 996 9833 1564 638
1372622 307 11290 2530 1879
1372622 809 8119 1827 881
1372622 996 9833 1564 638
1372622 307 11290 2530 1879
1372622 809 8119 1827 881
1374998 2059 10928 819 38
1374998 719 11695 3215 1472
1374998 324 9098 773 1207
1374998 1390 9412 756 46
1374998 880 9371 1243 1031
1374998 2059 10928 819 38
1374998 719 11695 3215 1472
1374998 324 9098 773 1207
1374998 1390 9412 756 46
1374998 880 9371 1243 1031
1374998 2059 10928 819 38
1374998 719 11695 3215 1472
1374998 324 9098 773 1207
1374998 1390 9412 756 46
1374998 880 9371 1243 1031
1374998 2059 10928 819 38
1374998 719 11695 3215 1472
1374998 324 9098 773 1207
1374998 1390 9412 756 46
1374998 880 9371 1243 1031
1374998 2059 10928 819 38
1374998 719 11695 3215 1472
1374998 324 9098 773 1207
1374998 1390 9412 756 46
1374998 880 9371 1243 1031
1376873 2193 11021 1574 268
1376873 298 10364 1184 1891
1376873 2193 11021 1574 268
1376873 298 10364 1184 1891
1378271 1877 10928 419 305
1378271 243 9590 252 56
1378271 132 10514 184 884
1378271 1877 10928 419 305
1378271 243 9590 252 56
1378271 132 10514 184 884
1378271 1877 10928 419 305
1378271 243 9590 252 56
1378271 132 10514 184 884
1379359 1447 9742 170 512
1379359 1394 10519 1325 3041
1379359 589 11610 2629 1047
1379359 578 9482 342 1431
1379359 1447 9742 170 512
1379359 1394 10519 1325 3041
1379359 589 11610 2629 1047
1379359 578 9482 342 1431
1379359 1447 9742 170 512
1379359 1394 10519 1325 3041
1379359 589 11610 2629 1047
1379359 578 9482 342 1431
1379359 1447 9742 170 512
1379359 1394 10519 1325 3041
1379359 589 11610 2629 1047
1379359 578 9482 342 1431
1380869 586 10028 769 2315
1383097 1524 11229 1730 1953
1383097 781 10061 953 423
1383097 1524 11229 1730 1953
1383097 781 10061 953 423
1385806 18 8601 1489 806
1385806 1214 11608 1638 860
1385806 890 10772 1580 1198
1385806 18 8601 1489 806
1385806 1214 11608 1638 860
1385806 890 10772 1580 1198
1385806 18 8601 1489 806
1385806 1214 11608 1638 860
1385806 890 10772 1580 1198
1387762 27 11415 260 625
1389156 2014 11801 796 638
1389156 211 9999 1384 1075
1389156 2014 11801 796 638
1389156 211 9999 1384 1075
1391129 1200 10605 141 1534
1393696 556 11240 50 155
1393696 178 11252 558 994
1393696 920 8727 1269 211
1393696 556 11240 50 155
1393696 178 11252 558 994
1393696 920 8727 1269 211
1393696 556 11240 50 155
1393696 178 11252 558 994
1393696 920 8727 1269 211
1395452 442 12123 839 249
1398344 186 9810 865 1327
1400853 978 11116 948 2456
1401938 183 9592 860 2295
1401938 1010 9921 1799 126
1401938 1033 10936 1012 2086
1401938 183 9592 860 2295
1401938 1010 9921 1799 126
1401938 1033 10936 1012 2086
1401938 183 9592 860 2295
1401938 1010 9921 1799 126
1401938 1033 10936 1012 2086
1404690 534 9200 250 3225
1404690 264 10956 96 556
1404690 1961 11735 2501 2978
1404690 1146 10577 1876 1621
1404690 1668 10091 1824 1241
1404690 534 9200 250 3225
1404690 264 10956 96 556
1404690 1961 11735 2501 2978
1404690 1146 10577 1876 1621
1404690 1668 10091 1824 1241
1404690 534 9200 250 3225
1404690 264 10956 96 556
1404690 1961 11735 2501 2978
1404690 1146 10577 1876 1621
1404690 1668 10091 1824 1241
1404690 534 9200 250 3225
1404690 264 10956 96 556
1404690 1961 11735 2501 2978
1404690 1146 10577 1876 1621
1404690 1668 10091 1824 1241
1404690 534 9200 250 3225
1404690 264 10956 96 556
1404690 1961 11735 2501 2978
1404690 1146 10577 1876 1621
1404690 1668 10091 1824 1241
1406862 649 9178 8 1729
1408939 1582 9020 3505 336
1411852 1300 9505 1349 1610
1411852 1838 9687 2285 2302
1411852 1300 9505 1349 1610
1411852 1838 9687 2285 2302
1413007 435 9431 3499 1539
1413007 2410 8723 1149 1282
1413007 435 9431 3499 1539
1413007 2410 8723 1149 1282
1415143 1413 8695 26 2144
1415143 1342 9824 1258 822
1415143 1413 8695 26 2144
1415143 1342 9824 1258 822
1415143 1323 11379 2349 584
1416778 1062 11514 39 1154
1418349 697 9518 150 307
1419678 2089 10738 1116 146
1421239 2315 10693 208 715
1421239 835 11944 873 196
1421239 2315 10693 208 715
1421239 835 11944 873 196
1422511 1257 9950 933 849
1425139 742 9856 1073 106
1425139 1519 10007 1152 972
1425139 2276 11559 1055 1208
1425139 742 9856 1073 106
1425139 1519 10007 1152 972
1425139 2276 11559 1055 1208
1425139 742 9856 1073 106
1425139 1519 10007 1152 972
1425139 2276 11559 1055 1208
1427072 770 11542 2292 695
1427072 713 11900 254 1335
1427072 7 10022 1420 895
1427072 770 11542 2292 695
1427072 713 11900 254 1335
1427072 7 10022 1420 895
1427072 770 11542 2292 695
1427072 713 11900 254 1335
1427072 7 10022 1420 895
1429782 1242 8404 1884 480
1429782 70 9570 2322 2176
1429782 1242 8404 1884 480
1429782 70 9570 2322 2176
1431752 1390 10283 2111 331
1431752 280 11879 2277 743
1431752 1390 10283 2111 331
1431752 280 11879 2277 743
1434688 1307 10280 458 1717
1434688 562 10583 44 210
1434688 1307 10280 458 1717
1434688 562 10583 44 210
1436481 546 9413 356 301
1439398 1234 8699 1129 3
1441481 178 10417 463 72
1441481 1356 10646 461 769
1441481 178 10417 463 72
1441481 1356 10646 461 769
1443408 217 11644 518 3009
1445390 428 11226 567 1014
1448192 59 9570 1356 3361
1449360 230 9839 1338 1730
1451712 524 8408 307 1147
1454652 1245 10542 280 885
1454652 1618 10365 295 1765
1454652 913 12445 2676 65
1454652 1767 10318 712 1180
1454652 732 10008 1430 958
1454652 1245 10542 280 885
1454652 1618 10365 295 1765
1454652 913 12445 2676 65
1454652 1767 10318 712 1180
1454652 732 10008 1430 958
1454652 1245 10542 280 885
1454652 1618 10365 295 1765
1454652 913 12445 2676 65
1454652 1767 10318 712 1180
1454652 732 10008 1430 958
1454652 1245 10542 280 885
1454652 1618 10365 295 1765
1454652 913 12445 2676 65
1454652 1767 10318 712 1180
1454652 732 10008 1430 958
1454652 1245 10542 280 885
1454652 1618 10365 295 1765
1454652 913 12445 2676 65
1454652 1767 10318 712 1180
1454652 732 10008 1430 958
1455781 446 9858 1802 916
1457738 155 10350 178 240
1457738 668 9288 231 1323
1457738 155 10350 178 240
1457738 668 9288 231 1323
1459850 1062 9582 2103 368
1459850 67 10457 1399 495
1459850 1235 10785 279 1574
1459850 1062 9582 2103 368
1459850 67 10457 1399 495
1459850 1235 10785 279 1574
1459850 1062 9582 2103 368
1459850 67 10457 1399 495
1459850 1235 10785 279 1574
1461947 661 12243 545 665
1461947 643 9297 263 1050
1461947 661 12243 545 665
1461947 643 9297 263 1050
1463435 935 9974 1216 112
1463435 52 9316 2640 407
1463435 2850 7840 1594 1968
1463435 935 9974 1216 112
1463435 52 9316 2640 407
1463435 2850 7840 1594 1968
1463435 935 9974 1216 112
1463435 52 9316 2640 407
1463435 2850 7840 1594 1968
1465620 501 10409 1284 443
1466634 2164 11012 14 56
1468339 204 8577 945 216
1469378 1039 9410 775 1437
1471520 1295 11140 745 1174
1471520 394 10526 1214 1791
1471520 1295 11140 745 1174
1471520 394 10526 1214 1791
1471520 315 9246 759 775
1472584 1138 8503 1031 344
1473859 375 12264 794 1193
1473859 36 8924 1938 1017
1473859 375 12264 794 1193
1473859 36 8924 1938 1017
1475033 2452 8761 2015 1061
1476486 860 9768 437 2022
1476486 85 9497 26 2187
1476486 860 9768 437 2022
1476486 85 9497 26 2187
1478515 175 12383 60 1952
1478515 485 10249 2100 802
1478515 1108 11805 361 1335
1478515 1140 9198 1130 432
1478515 175 12383 60 1952
1478515 485 10249 2100 802
1478515 1108 11805 361 1335
1478515 1140 9198 1130 432
1478515 175 12383 60 1952
1478515 485 10249 2100 802
1478515 1108 11805 361 1335
1478515 1140 9198 1130 432
1478515 175 12383 60 1952
1478515 485 10249 2100 802
1478515 1108 11805 361 1335
1478515 1140 9198 1130 432
1479941 69 10100 153 20
1482552 884 10325 307 252
1482552 2509 10756 3008 200
1482552 695 10285 1655 466
1482552 1157 9485 641 2134
1482552 2100 10069 810 50
1482552 1243 8656 2188 954
1482552 884 10325 307 252
1482552 2509 10756 3008 200
1482552 695 10285 1655 466
1482552 1157 9485 641 2134
1482552 2100 10069 810 50
1482552 1243 8656 2188 954
1482552 884 10325 307 252
1482552 2509 10756 3008 200
1482552 695 10285 1655 466
1482552 1157 9485 641 2134
1482552 2100 10069 810 50
1482552 1243 8656 2188 954
1482552 884 10325 307 252
1482552 2509 10756 3008 200
1482552 695 10285 1655 466
1482552 1157 9485 641 2134
1482552 2100 10069 810 50
1482552 1243 8656 2188 954
1482552 884 10325 307 252
1482552 2509 10756 3008 200
1482552 695 10285 1655 466
1482552 1157 9485 641 2134
1482552 2100 10069 810 50
1482552 1243 8656 2188 954
1482552 884 10325 307 252
1482552 2509 10756 3008 200
1482552 695 10285 1655 466
1482552 1157 9485 641 2134
1482552 2100 10069 810 50
1482552 1243 8656 2188 954
1483821 1342 9431 993 49
1486644 103 11671 2294 66
1487878 326 9182 1146 113
1489774 1104 11126 185 574
1492258 10 11251 442 815
1495101 964 12141 795 564
1495101 1939 6666 1448 0
1495101 1153 11451 230 659
1495101 964 12141 795 564
1495101 1939 6666 1448 0
1495101 1153 11451 230 659
1495101 964 12141 795 564
1495101 1939 6666 1448 0
1495101 1153 11451 230 659
1497849 2140 10755 1344 828
1498867 2434 12559 3485 1774
1498867 218 9501 1813 141
1498867 2434 12559 3485 1774
1498867 218 9501 1813 141
1499943 210 9358 1807 1203
1501306 1198 9901 765 316
1502710 936 9924 1543 506
1505265 821 11485 2070 3082
1505265 12 9413 219 694
1505265 821 11485 2070 3082
1505265 12 9413 219 694
1507738 399 8256 420 256
1509957 33 9270 388 3166
1509957 1225 9653 1112 1362
1509957 33 9270 388 3166
1509957 1225 9653 1112 1362
1511742 2123 8382 807 458
1511742 1146 10939 659 799
1511742 2123 8382 807 458
1511742 1146 10939 659 799
1513212 1695 11359 247 755
1513212 621 9699 1015 759
1513212 1153 9349 636 1074
1513212 673 10653 2220 1875
1513212 1695 11359 247 755
1513212 621 9699 1015 759
1513212 1153 9349 636 1074
1513212 673 10653 2220 1875
1513212 1695 11359 247 755
1513212 621 9699 1015 759
1513212 1153 9349 636 1074
1513212 673 10653 2220 1875
1513212 1695 11359 247 755
1513212 621 9699 1015 759
1513212 1153 9349 636 1074
1513212 673 10653 2220 1875
1514830 954 9515 523 766
1516450 1530 9701 1764 1808
1516450 1059 10324 550 66
1516450 1530 9701 1764 1808
1516450 1059 10324 550 66
1518895 460 10435 208 1265
1521860 2022 10397 82 306
1521860 1447 11703 1425 1080
1521860 2022 10397 82 306
1521860 1447 11703 1425 1080
1522868 533 11024 1251 658
1525779 752 10949 2714 1118
1525779 1321 8224 344 502
1525779 409 9488 190 684
1525779 624 8861 1325 853
1525779 577 11638 947 1453
1525779 752 10949 2714 1118
1525779 1321 8224 344 502
1525779 409 9488 190 684
1525779 624 8861 1325 853
1525779 577 11638 947 1453
1525779 752 10949 2714 1118
1525779 1321 8224 344 502
1525779 409 9488 190 684
1525779 624 8861 1325 853
1525779 577 11638 947 1453
1525779 752 10949 2714 1118
1525779 1321 8224 344 502
1525779 409 9488 190 684
1525779 624 8861 1325 853
1525779 577 11638 947 1453
1525779 752 10949 2714 1118
1525779 1321 8224 344 502
1525779 409 9488 190 684
1525779 624 8861 1325 853
1525779 577 11638 947 1453
1527307 622 12741 1292 1443
1528697 1040 10189 1053 774
1528697 1694 9764 169 681
1528697 131 9968 689 188
1528697 1040 10189 1053 774
1528697 1694 9764 169 681
1528697 131 9968 689 188
1528697 1040 10189 1053 774
1528697 1694 9764 169 681
1528697 131 9968 689 188
1530803 1902 9370 1160 2601
1533475 118 8410 2733 1358
1533475 21 9898 262 889
1533475 1401 12167 242 1198
1533475 1001 9576 131 486
1533475 118 8410 2733 1358
1533475 21 9898 262 889
1533475 1401 12167 242 1198
1533475 1001 9576 131 486
1533475 118 8410 2733 1358
1533475 21 9898 262 889
1533475 1401 12167 242 1198
1533475 1001 9576 131 486
1533475 118 8410 2733 1358
1533475 21 9898 262 889
1533475 1401 12167 242 1198
1533475 1001 9576 131 486
1534484 867 6641 1345 2018
1536143 1685 8172 1482 1817
1536143 409 11171 465 993
1536143 25 10253 765 511
1536143 1685 8172 1482 1817
1536143 409 11171 465 993
1536143 25 10253 765 511
1536143 1685 8172 1482 1817
1536143 409 11171 465 993
1536143 25 10253 765 511
1538484 703 11373 991 1227
1540000 622 11023 1788 2373
1540000 657 11434 329 594
1540000 305 11340 1307 356
1540000 622 11023 1788 2373
1540000 657 11434 329 594
1540000 305 11340 1307 356
1540000 622 11023 1788 2373
1540000 657 11434 329 594
1540000 305 11340 1307 356
1542333 253 8322 1393 1876
1542333 2575 9132 592 1039
1542333 253 8322 1393 1876
1542333 2575 9132 592 1039
1545304 2282 10106 383 1450
1545304 1919 10344 235 1669
1545304 789 10394 644 2072
1545304 15 8993 1081 11
1545304 1406 12554 238 1698
1545304 2282 10106 383 1450
1545304 1919 10344 235 1669
1545304 789 10394 644 2072
1545304 15 8993 1081 11
1545304 1406 12554 238 1698
1545304 2282 10106 383 1450
1545304 1919 10344 235 1669
1545304 789 10394 644 2072
1545304 15 8993 1081 11
1545304 1406 12554 238 1698
1545304 2282 10106 383 1450
1545304 1919 10344 235 1669
1545304 789 10394 644 2072
1545304 15 8993 1081 11
1545304 1406 12554 238 1698
1545304 2282 10106 383 1450
1545304 1919 10344 235 1669
1545304 789 10394 644 2072
1545304 15 8993 1081 11
1545304 1406 12554 238 1698
1547720 307 8006 1368 1086
1548729 216 10943 969 509
1548729 571 9223 1401 758
1548729 216 10943 969 509
1548729 571 9223 1401 758
1551273 76 10971 525 1032
1552638 2224 9862 129 832
1552638 1071 10606 1151 61
1552638 2224 9862 129 832
1552638 1071 10606 1151 61
1554230 2003 10159 197 1654
1556966 972 8476 216 36
1556966 843 9446 2308 319
1556966 972 8476 216 36
1556966 843 9446 2308 319
1559040 651 11697 302 584
1559040 1551 8502 1258 1805
1559040 1899 11025 2258 1725
1559040 266 9178 16 1973
1559040 118 10439 1627 970
1559040 463 10554 1131 680
1559040 651 11697 302 584
1559040 1551 8502 1258 1805
1559040 1899 11025 2258 1725
1559040 266 9178 16 1973
1559040 118 10439 1627 970
1559040 463 10554 1131 680
1559040 651 11697 302 584
1559040 1551 8502 1258 1805
1559040 1899 11025 2258 1725
1559040 266 9178 16 1973
1559040 118 10439 1627 970
1559040 463 10554 1131 680
1559040 651 11697 302 584
1559040 1551 8502 1258 1805
1559040 1899 11025 2258 1725
1559040 266 9178 16 1973
1559040 118 10439 1627 970
1559040 463 10554 1131 680
1559040 651 11697 302 584
1559040 1551 8502 1258 1805
1559040 1899 11025 2258 1725
1559040 266 9178 16 1973
1559040 118 10439 1627 970
1559040 463 10554 1131 680
1559040 651 11697 302 584
1559040 1551 8502 1258 1805
1559040 1899 11025 2258 1725
1559040 266 9178 16 1973
1559040 118 10439 1627 970
1559040 463 10554 1131 680
1561995 1311 11117 1209 2041
1563515 891 10432 132 666
1564537 620 10686 1409 1046
1567500 344 11563 999 836
1567500 493 12178 691 920
1567500 344 11563 999 836
1567500 493 12178 691 920
1570446 52 10027 202 1422
1570446 1777 11766 1826 3518
1571806 870 10351 1185 1324
1571806 623 12147 1154 821
1571806 870 10351 1185 1324
1571806 623 12147 1154 821
1573794 1172 11618 890 1097
1573794 862 9044 695 1114
1573794 1172 11618 890 1097
1573794 862 9044 695 1114
1575976 2339 10245 389 1008
1575976 784 10673 1443 1592
1575976 2339 10245 389 1008
1575976 784 10673 1443 1592
1577323 1560 8462 2985 1650
1580245 761 7693 431 549
1580245 88 10590 554 729
1580245 245 11542 1639 674
1580245 921 8154 807 553
1580245 761 7693 431 549
1580245 88 10590 554 729
1580245 245 11542 1639 674
1580245 921 8154 807 553
1580245 761 7693 431 549
1580245 88 10590 554 729
1580245 245 11542 1639 674
1580245 921 8154 807 553
1580245 761 7693 431 549
1580245 88 10590 554 729
1580245 245 11542 1639 674
1580245 921 8154 807 553
1582332 599 8718 262 749
1583496 1444 8640 874 1104
1585169 1169 7792 913 656
1586456 2600 11117 252 754
1587576 464 11179 1588 695
1587576 791 8550 2378 386
1587576 1450 10960 2668 1467
1587576 624 8796 648 2023
1587576 150 8213 208 301
1587576 1385 12480 1031 2787
1587576 294 11905 990 1526
1587576 285 9924 151 392
1587576 2323 9607 1059 468
1587576 464 11179 1588 695
1587576 791 8550 2378 386
1587576 1450 10960 2668 1467
1587576 624 8796 648 2023
1587576 150 8213 208 301
1587576 1385 12480 1031 2787
1587576 294 11905 990 1526
1587576 285 9924 151 392
1587576 2323 9607 1059 468
1587576 464 11179 1588 695
1587576 791 8550 2378 386
1587576 1450 10960 2668 1467
1587576 624 8796 648 2023
1587576 150 8213 208 301
1587576 1385 12480 1031 2787
1587576 294 11905 990 1526
1587576 285 9924 151 392
1587576 2323 9607 1059 468
1587576 464 11179 1588 695
1587576 791 8550 2378 386
1587576 1450 10960 2668 1467
1587576 624 8796 648 2023
1587576 150 8213 208 301
1587576 1385 12480 1031 2787
1587576 294 11905 990 1526
1587576 285 9924 151 392
1587576 2323 9607 1059 468
1587576 464 11179 1588 695
1587576 791 8550 2378 386
1587576 1450 10960 2668 1467
1587576 624 8796 648 2023
1587576 150 8213 208 301
1587576 1385 12480 1031 2787
1587576 294 11905 990 1526
1587576 285 9924 151 392
1587576 2323 9607 1059 468
1587576 464 11179 1588 695
1587576 791 8550 2378 386
1587576 1450 10960 2668 1467
1587576 624 8796 648 2023
1587576 150 8213 208 301
1587576 1385 12480 1031 2787
1587576 294 11905 990 1526
1587576 285 9924 151 392
1587576 2323 9607 1059 468
1587576 464 11179 1588 695
1587576 791 8550 2378 386
1587576 1450 10960 2668 1467
1587576 624 8796 648 2023
1587576 150 8213 208 301
1587576 1385 12480 1031 2787
1587576 294 11905 990 1526
1587576 285 9924 151 392
1587576 2323 9607 1059 468
1587576 464 11179 1588 695
1587576 791 8550 2378 386
1587576 1450 10960 2668 1467
1587576 624 8796 648 2023
1587576 150 8213 208 301
1587576 1385 12480 1031 2787
1587576 294 11905 990 1526
1587576 285 9924 151 392
1587576 2323 9607 1059 468
1587576 464 11179 1588 695
1587576 791 8550 2378 386
1587576 1450 10960 2668 1467
1587576 624 8796 648 2023
1587576 150 8213 208 301
1587576 1385 12480 1031 2787
1587576 294 11905 990 1526
1587576 285 9924 151 392
1587576 2323 9607 1059 468
1589159 840 11132 261 686
1591392 1528 9812 1647 917
1591392 2306 10181 6 109
1591392 1728 11983 1312 707
1591392 384 9884 1138 34
1591392 431 10289 650 1611
1591392 1528 9812 1647 917
1591392 2306 10181 6 109
1591392 1728 11983 1312 707
1591392 384 9884 1138 34
1591392 431 10289 650 1611
1591392 1528 9812 1647 917
1591392 2306 10181 6 109
1591392 1728 11983 1312 707
1591392 384 9884 1138 34
1591392 431 10289 650 1611
1591392 1528 9812 1647 917
1591392 2306 10181 6 109
1591392 1728 11983 1312 707
1591392 384 9884 1138 34
1591392 431 10289 650 1611
1591392 1528 9812 1647 917
1591392 2306 10181 6 109
1591392 1728 11983 1312 707
1591392 384 9884 1138 34
1591392 431 10289 650 1611
1592958 215 12191 1974 1164
1592958 1964 10569 1433 63
1592958 955 10658 1313 1137
1592958 337 10278 966 343
1592958 215 12191 1974 1164
1592958 1964 10569 1433 63
1592958 955 10658 1313 1137
1592958 337 10278 966 343
1592958 215 12191 1974 1164
1592958 1964 10569 1433 63
1592958 955 10658 1313 1137
1592958 337 10278 966 343
1592958 215 12191 1974 1164
1592958 1964 10569 1433 63
1592958 955 10658 1313 1137
1592958 337 10278 966 343
1595726 1065 11516 624 452
1595726 363 10669 2514 751
1595726 783 11689 1214 932
1595726 333 10987 250 1702
1595726 1065 11516 624 452
1595726 363 10669 2514 751
1595726 783 11689 1214 932
1595726 333 10987 250 1702
1595726 1065 11516 624 452
1595726 363 10669 2514 751
1595726 783 11689 1214 932
1595726 333 10987 250 1702
1595726 1065 11516 624 452
1595726 363 10669 2514 751
1595726 783 11689 1214 932
1595726 333 10987 250 1702
1598192 1234 11217 1434 761
1598192 832 10625 254 308
1598192 194 11155 278 1056
1598192 1234 11217 1434 761
1598192 832 10625 254 308
1598192 194 11155 278 1056
1598192 1234 11217 1434 761
1598192 832 10625 254 308
1598192 194 11155 278 1056
1599414 705 9594 625 564
1599414 616 9724 189 551
1599414 2175 9853 1552 800
1599414 444 9323 935 556
1599414 705 9594 625 564
1599414 616 9724 189 551
1599414 2175 9853 1552 800
1599414 444 9323 935 556
1599414 705 9594 625 564
1599414 616 9724 189 551
1599414 2175 9853 1552 800
1599414 444 9323 935 556
1599414 705 9594 625 564
1599414 616 9724 189 551
1599414 2175 9853 1552 800
1599414 444 9323 935 556
1600830 1350 11972 1468 581
1603761 2202 9268 453 558
1603761 72 9409 920 770
1603761 1500 8310 1127 1076
1603761 2202 9268 453 558
1603761 72 9409 920 770
1603761 1500 8310 1127 1076
1603761 2202 9268 453 558
1603761 72 9409 920 770
1603761 1500 8310 1127 1076
1603761 414 12396 593 1231
1603761 876 9216 227 127
1603761 107 9164 1439 1718
1603761 432 8863 0 1618
1603761 1022 10926 441 372
1603761 309 8880 240 1198
1603761 414 12396 593 1231
1603761 876 9216 227 127
1603761 107 9164 1439 1718
1603761 432 8863 0 1618
1603761 1022 10926 441 372
1603761 309 8880 240 1198
1603761 414 12396 593 1231
1603761 876 9216 227 127
1603761 107 9164 1439 1718
1603761 432 8863 0 1618
1603761 1022 10926 441 372
1603761 309 8880 240 1198
1603761 414 12396 593 1231
1603761 876 9216 227 127
1603761 107 9164 1439 1718
1603761 432 8863 0 1618
1603761 1022 10926 441 372
1603761 309 8880 240 1198
1603761 414 12396 593 1231
1603761 876 9216 227 127
1603761 107 9164 1439 1718
1603761 432 8863 0 1618
1603761 1022 10926 441 372
1603761 309 8880 240 1198
1603761 414 12396 593 1231
1603761 876 9216 227 127
1603761 107 9164 1439 1718
1603761 432 8863 0 1618
1603761 1022 10926 441 372
1603761 309 8880 240 1198
1605669 375 11194 662 118
1605669 91 8315 784 402
1605669 375 11194 662 118
1605669 91 8315 784 402
1608561 920 9188 468 13
1610633 14 11707 434 728
1610633 14 10135 3761 1958
1610633 1200 9563 2154 505
1610633 1447 8348 1858 2479
1610633 14 11707 434 728
1610633 14 10135 3761 1958
1610633 1200 9563 2154 505
1610633 1447 8348 1858 2479
1610633 14 11707 434 728
1610633 14 10135 3761 1958
1610633 1200 9563 2154 505
1610633 1447 8348 1858 2479
1610633 14 11707 434 728
1610633 14 10135 3761 1958
1610633 1200 9563 2154 505
1610633 1447 8348 1858 2479
1611828 737 11726 1405 1256
1613840 1057 9434 1172 509
1613840 1566 11459 2078 442
1613840 511 7977 25 197
1613840 1357 9797 1759 409
1613840 999 8511 1836 640
1613840 1057 9434 1172 509
1613840 1566 11459 2078 442
1613840 511 7977 25 197
1613840 1357 9797 1759 409
1613840 999 8511 1836 640
1613840 1057 9434 1172 509
1613840 1566 11459 2078 442
1613840 511 7977 25 197
1613840 1357 9797 1759 409
1613840 999 8511 1836 640
1613840 1057 9434 1172 509
1613840 1566 11459 2078 442
1613840 511 7977 25 197
1613840 1357 9797 1759 409
1613840 999 8511 1836 640
1613840 1057 9434 1172 509
1613840 1566 11459 2078 442
1613840 511 7977 25 197
1613840 1357 9797 1759 409
1613840 999 8511 1836 640
1616606 607 10691 1823 102
1616606 343 9296 1376 632
1616606 1389 11790 247 2043
1616606 607 10691 1823 102
1616606 343 9296 1376 632
1616606 1389 11790 247 2043
1616606 607 10691 1823 102
1616606 343 9296 1376 632
1616606 1389 11790 247 2043
1618791 848 12186 981 625
1620079 421 9320 379 1007
1620079 1922 9327 1409 2089
1620079 421 9320 379 1007
1620079 1922 9327 1409 2089
1621518 90 9831 43 112
1622814 655 11836 425 1886
1625730 1934 10834 1171 349
1625730 18 11061 641 680
1625730 37 8233 24 2670
1625730 1273 10834 166 1008
1625730 26 10041 808 561
1625730 1934 10834 1171 349
1625730 18 11061 641 680
1625730 37 8233 24 2670
1625730 1273 10834 166 1008
1625730 26 10041 808 561
1625730 1934 10834 1171 349
1625730 18 11061 641 680
1625730 37 8233 24 2670
1625730 1273 10834 166 1008
1625730 26 10041 808 561
1625730 1934 10834 1171 349
1625730 18 11061 641 680
1625730 37 8233 24 2670
1625730 1273 10834 166 1008
1625730 26 10041 808 561
1625730 1934 10834 1171 349
1625730 18 11061 641 680
1625730 37 8233 24 2670
1625730 1273 10834 166 1008
1625730 26 10041 808 561
1627539 817 9243 372 1460
1627539 643 10014 1879 1496
1627539 1501 11495 136 1130
1627539 1546 7877 228 822
1627539 1627 10772 888 222
1627539 817 9243 372 1460
1627539 643 10014 1879 1496
1627539 1501 11495 136 1130
1627539 1546 7877 228 822
1627539 1627 10772 888 222
1627539 817 9243 372 1460
1627539 643 10014 1879 1496
1627539 1501 11495 136 1130
1627539 1546 7877 228 822
1627539 1627 10772 888 222
1627539 817 9243 372 1460
1627539 643 10014 1879 1496
1627539 1501 11495 136 1130
1627539 1546 7877 228 822
1627539 1627 10772 888 222
1627539 817 9243 372 1460
1627539 643 10014 1879 1496
1627539 1501 11495 136 1130
1627539 1546 7877 228 822
1627539 1627 10772 888 222
1629272 2684 9813 333 1021
1631249 122 10122 2256 671
1633680 465 9730 1265 951
1633680 1151 10489 696 1154
1633680 117 9615 732 4072
1633680 52 9634 377 523
1633680 465 9730 1265 951
1633680 1151 10489 696 1154
1633680 117 9615 732 4072
1633680 52 9634 377 523
1633680 465 9730 1265 951
1633680 1151 10489 696 1154
1633680 117 9615 732 4072
1633680 52 9634 377 523
1633680 465 9730 1265 951
1633680 1151 10489 696 1154
1633680 117 9615 732 4072
1633680 52 9634 377 523
1635558 530 10495 1920 596
1635558 456 8803 3757 388
1635558 732 9846 10 934
1635558 47 10060 188 1240
1635558 347 9762 1603 404
1635558 722 9141 349 663
1635558 530 10495 1920 596
1635558 456 8803 3757 388
1635558 732 9846 10 934
1635558 47 10060 188 1240
1635558 347 9762 1603 404
1635558 722 9141 349 663
1635558 530 10495 1920 596
1635558 456 8803 3757 388
1635558 732 9846 10 934
1635558 47 10060 188 1240
1635558 347 9762 1603 404
1635558 722 9141 349 663
1635558 530 10495 1920 596
1635558 456 8803 3757 388
1635558 732 9846 10 934
1635558 47 10060 188 1240
1635558 347 9762 1603 404
1635558 722 9141 349 663
1635558 530 10495 1920 596
1635558 456 8803 3757 388
1635558 732 9846 10 934
1635558 47 10060 188 1240
1635558 347 9762 1603 404
1635558 722 9141 349 663
1635558 530 10495 1920 596
1635558 456 8803 3757 388
1635558 732 9846 10 934
1635558 47 10060 188 1240
1635558 347 9762 1603 404
1635558 722 9141 349 663
1636667 660 9976 1067 721
1636667 257 8978 604 603
1636667 1080 9819 788 1982
1636667 257 8978 604 603
1636667 1080 9819 788 1982
1638995 1706 13100 1003 246
1641229 930 9297 3264 1427
1641229 1370 9656 844 123
1641229 930 9297 3264 1427
1641229 1370 9656 844 123
1643329 1976 9038 855 910
1643329 1323 8980 1026 908
1643329 1976 9038 855 910
1643329 1323 8980 1026 908
1644424 1370 10860 1396 1108
1646980 1744 10534 335 947
1646980 581 10406 891 345
1646980 2529 10874 440 225
1646980 157 9498 51 93
1646980 641 8941 686 217
1646980 1744 10534 335 947
1646980 581 10406 891 345
1646980 2529 10874 440 225
1646980 157 9498 51 93
1646980 641 8941 686 217
1646980 1744 10534 335 947
1646980 581 10406 891 345
1646980 2529 10874 440 225
1646980 157 9498 51 93
1646980 641 8941 686 217
1646980 1744 10534 335 947
1646980 581 10406 891 345
1646980 2529 10874 440 225
1646980 157 9498 51 93
1646980 641 8941 686 217
1646980 1744 10534 335 947
1646980 581 10406 891 345
1646980 2529 10874 440 225
1646980 157 9498 51 93
1646980 641 8941 686 217
1649567 348 10221 1472 1532
1649567 265 10464 1230 137
1649567 348 10221 1472 1532
1649567 265 10464 1230 137
1651104 1047 10655 2041 229
1651104 183 9110 793 460
1651104 12 8529 2198 660
1651104 1047 10655 2041 229
1651104 183 9110 793 460
1651104 12 8529 2198 660
1651104 1047 10655 2041 229
1651104 183 9110 793 460
1651104 12 8529 2198 660
1652386 1077 9604 2212 672
1652386 97 9596 1679 709
1652386 1077 9604 2212 672
1652386 97 9596 1679 709
1654197 244 12238 37 1870
1654197 1254 9181 1270 134
1654197 1108 11939 1065 1298
1654197 244 12238 37 1870
1654197 1254 9181 1270 134
1654197 1108 11939 1065 1298
1654197 244 12238 37 1870
1654197 1254 9181 1270 134
1654197 1108 11939 1065 1298
1656888 1354 9147 1258 1040
1656888 402 12440 2549 146
1656888 68 12119 2003 814
1656888 1354 9147 1258 1040
1656888 402 12440 2549 146
1656888 68 12119 2003 814
1656888 1354 9147 1258 1040
1656888 402 12440 2549 146
1656888 68 12119 2003 814
1659385 207 9104 590 490
1659385 679 10957 152 928
1659385 922 12215 776 1460
1659385 1092 8642 225 604
1659385 854 11895 831 1645
1659385 207 9104 590 490
1659385 679 10957 152 928
1659385 922 12215 776 1460
1659385 1092 8642 225 604
1659385 854 11895 831 1645
1659385 207 9104 590 490
1659385 679 10957 152 928
1659385 922 12215 776 1460
1659385 1092 8642 225 604
1659385 854 11895 831 1645
1659385 207 9104 590 490
1659385 679 10957 152 928
1659385 922 12215 776 1460
1659385 1092 8642 225 604
1659385 854 11895 831 1645
1659385 207 9104 590 490
1659385 679 10957 152 928
1659385 922 12215 776 1460
1659385 1092 8642 225 604
1659385 854 11895 831 1645
1660496 444 11851 842 1325
1660496 1381 10396 318 265
1660496 444 11851 842 1325
1660496 1381 10396 318 265
1663418 2780 9393 281 1556
1664517 784 8551 1992 1696
1666516 641 8658 1453 314
1666516 85 10006 41 696
1666516 641 8658 1453 314
1666516 85 10006 41 696
1669515 328 9927 937 292
1671373 124 11590 320 838
1674218 1026 9218 1055 421
1674218 770 9114 13 1140
1674218 1026 9218 1055 421
1674218 770 9114 13 1140
1675760 420 11882 1115 996
1677947 827 10003 858 1371
1677947 1300 11253 974 30
1677947 827 10003 858 1371
1677947 1300 11253 974 30
1679907 1346 8648 431 2788
1680969 263 8729 108 2073
1682517 848 8035 1015 271
1682517 1443 9038 2229 1963
1682517 2627 10087 2574 2510
1682517 878 11429 1431 688
1682517 848 8035 1015 271
1682517 1443 9038 2229 1963
1682517 2627 10087 2574 2510
1682517 878 11429 1431 688
1682517 848 8035 1015 271
1682517 1443 9038 2229 1963
1682517 2627 10087 2574 2510
1682517 878 11429 1431 688
1682517 848 8035 1015 271
1682517 1443 9038 2229 1963
1682517 2627 10087 2574 2510
1682517 878 11429 1431 688
1682517 527 12358 391 1726
1682517 436 7481 663 2076
1682517 268 8658 1052 405
1682517 527 12358 391 1726
1682517 436 7481 663 2076
1682517 268 8658 1052 405
1682517 527 12358 391 1726
1682517 436 7481 663 2076
1682517 268 8658 1052 405
1683562 241 12423 1803 325
1683562 1689 11272 433 350
1683562 139 8481 1139 1065
1683562 219 7793 117 639
1683562 501 9006 1433 489
1683562 1503 10490 647 1277
1683562 1797 11235 2549 1585
1683562 63 9840 1600 560
1683562 241 12423 1803 325
1683562 1689 11272 433 350
1683562 139 8481 1139 1065
1683562 219 7793 117 639
1683562 501 9006 1433 489
1683562 1503 10490 647 1277
1683562 1797 11235 2549 1585
1683562 63 9840 1600 560
1683562 241 12423 1803 325
1683562 1689 11272 433 350
1683562 139 8481 1139 1065
1683562 219 7793 117 639
1683562 501 9006 1433 489
1683562 1503 10490 647 1277
1683562 1797 11235 2549 1585
1683562 63 9840 1600 560
1683562 241 12423 1803 325
1683562 1689 11272 433 350
1683562 139 8481 1139 1065
1683562 219 7793 117 639
1683562 501 9006 1433 489
1683562 1503 10490 647 1277
1683562 1797 11235 2549 1585
1683562 63 9840 1600 560
1683562 241 12423 1803 325
1683562 1689 11272 433 350
1683562 139 8481 1139 1065
1683562 219 7793 117 639
1683562 501 9006 1433 489
1683562 1503 10490 647 1277
1683562 1797 11235 2549 1585
1683562 63 9840 1600 560
1683562 241 12423 1803 325
1683562 1689 11272 433 350
1683562 139 8481 1139 1065
1683562 219 7793 117 639
1683562 501 9006 1433 489
1683562 1503 10490 647 1277
1683562 1797 11235 2549 1585
1683562 63 9840 1600 560
1683562 241 12423 1803 325
1683562 1689 11272 433 350
1683562 139 8481 1139 1065
1683562 219 7793 117 639
1683562 501 9006 1433 489
1683562 1503 10490 647 1277
1683562 1797 11235 2549 1585
1683562 63 9840 1600 560
1683562 241 12423 1803 325
1683562 1689 11272 433 350
1683562 139 8481 1139 1065
1683562 219 7793 117 639
1683562 501 9006 1433 489
1683562 1503 10490 647 1277
1683562 1797 11235 2549 1585
1683562 63 9840 1600 560
1685468 256 9053 512 775
1687970 446 8573 600 1543
1689266 454 10741 276 1130
1689266 470 10038 335 1830
1689266 454 10741 276 1130
1689266 470 10038 335 1830
1692076 635 9736 651 1904
1692076 475 9342 124 3296
1692076 635 9736 651 1904
1692076 475 9342 124 3296
1694700 1733 10860 2009 1277
1694700 271 10452 1597 42
1694700 1733 10860 2009 1277
1694700 271 10452 1597 42
1696292 1930 9083 1064 2365
1698173 299 9118 338 203
1700789 1730 10595 841 715
1702544 604 8444 739 541
1704177 241 9967 1666 813
1704177 205 8128 238 455
1704177 1674 12450 109 1729
1704177 2026 11294 1031 964
1704177 1941 10871 3034 12
1704177 3031 9626 1518 95
1704177 241 9967 1666 813
1704177 205 8128 238 455
1704177 1674 12450 109 1729
1704177 2026 11294 1031 964
1704177 1941 10871 3034 12
1704177 3031 9626 1518 95
1704177 241 9967 1666 813
1704177 205 8128 238 455
1704177 1674 12450 109 1729
1704177 2026 11294 1031 964
1704177 1941 10871 3034 12
1704177 3031 9626 1518 95
1704177 241 9967 1666 813
1704177 205 8128 238 455
1704177 1674 12450 109 1729
1704177 2026 11294 1031 964
1704177 1941 10871 3034 12
1704177 3031 9626 1518 95
1704177 241 9967 1666 813
1704177 205 8128 238 455
1704177 1674 12450 109 1729
1704177 2026 11294 1031 964
1704177 1941 10871 3034 12
1704177 3031 9626 1518 95
1704177 241 9967 1666 813
1704177 205 8128 238 455
1704177 1674 12450 109 1729
1704177 2026 11294 1031 964
1704177 1941 10871 3034 12
1704177 3031 9626 1518 95
1706964 1233 13626 1587 926
1709837 1687 8075 494 450
1709837 1193 9166 1444 1319
1709837 1687 8075 494 450
1709837 1193 9166 1444 1319
1711837 1966 9932 693 465
1711837 483 10292 1591 1716
1711837 688 8453 1436 18
1711837 624 10136 615 1125
1711837 1966 9932 693 465
1711837 483 10292 1591 1716
1711837 688 8453 1436 18
1711837 624 10136 615 1125
1711837 1966 9932 693 465
1711837 483 10292 1591 1716
1711837 688 8453 1436 18
1711837 624 10136 615 1125
1711837 1966 9932 693 465
1711837 483 10292 1591 1716
1711837 688 8453 1436 18
1711837 624 10136 615 1125
1713134 1526 10480 754 922
1715196 440 8540 1075 820
1715196 38 10427 673 169
1715196 202 9075 1204 899
1715196 307 10222 1576 2502
1715196 440 8540 1075 820
1715196 38 10427 673 169
1715196 202 9075 1204 899
1715196 307 10222 1576 2502
1715196 440 8540 1075 820
1715196 38 10427 673 169
1715196 202 9075 1204 899
1715196 307 10222 1576 2502
1715196 440 8540 1075 820
1715196 38 10427 673 169
1715196 202 9075 1204 899
1715196 307 10222 1576 2502
1717717 1352 12039 164 1055
1717717 1496 10761 736 1625
1717717 1352 12039 164 1055
1717717 1496 10761 736 1625
1719331 1721 9957 505 1790
1721133 1426 7735 1474 789
1721133 715 10413 674 1311
1721133 1721 9291 439 2104
1721133 1426 7735 1474 789
1721133 715 10413 674 1311
1721133 1721 9291 439 2104
1721133 1426 7735 1474 789
1721133 715 10413 674 1311
1721133 1721 9291 439 2104
1722925 3272 8026 774 1670
1725893 274 10191 949 107
1725893 820 9618 12 507
1725893 274 10191 949 107
1725893 820 9618 12 507
1725893 3103 11423 879 805
1725893 148 8982 1036 379
1725893 96 8856 702 1963
1725893 1698 12949 1507 20
1725893 3103 11423 879 805
1725893 148 8982 1036 379
1725893 96 8856 702 1963
1725893 1698 12949 1507 20
1725893 3103 11423 879 805
1725893 148 8982 1036 379
1725893 96 8856 702 1963
1725893 1698 12949 1507 20
1725893 3103 11423 879 805
1725893 148 8982 1036 379
1725893 96 8856 702 1963
1725893 1698 12949 1507 20
1727724 869 11728 284 1057
1727724 54 11111 1788 1342
1727724 147 10341 1352 72
1727724 38 8150 824 655
1727724 317 7531 893 715
1727724 869 11728 284 1057
1727724 54 11111 1788 1342
1727724 147 10341 1352 72
1727724 38 8150 824 655
1727724 317 7531 893 715
1727724 869 11728 284 1057
1727724 54 11111 1788 1342
1727724 147 10341 1352 72
1727724 38 8150 824 655
1727724 317 7531 893 715
1727724 869 11728 284 1057
1727724 54 11111 1788 1342
1727724 147 10341 1352 72
1727724 38 8150 824 655
1727724 317 7531 893 715
1727724 869 11728 284 1057
1727724 54 11111 1788 1342
1727724 147 10341 1352 72
1727724 38 8150 824 655
1727724 317 7531 893 715
1729172 1775 11215 550 390
1729172 1824 10057 236 1923
1729172 1128 10244 723 1295
1729172 1775 11215 550 390
1729172 1824 10057 236 1923
1729172 1128 10244 723 1295
1729172 1775 11215 550 390
1729172 1824 10057 236 1923
1729172 1128 10244 723 1295
1731926 702 9435 460 144
1731926 512 10164 1172 1316
1731926 702 9435 460 144
1731926 512 10164 1172 1316
1733481 919 9909 802 2164
1735020 666 10360 944 19
1737355 50 7356 494 350
1740092 129 8892 860 770
1740092 1324 9445 1519 61
1740092 129 8892 860 770
1740092 1324 9445 1519 61
1741318 2243 11063 48 627
1742649 621 9931 1096 924
1742649 2575 9550 177 1057
1742649 621 9931 1096 924
1742649 2575 9550 177 1057
1744721 1567 9288 808 1459
1746984 110 10731 2133 204
1748089 955 10418 556 2003
1749154 446 10770 1789 548
1750288 781 11045 848 1359
1751698 1315 11270 1402 129
1751698 24 10170 812 1559
1751698 517 9864 1686 1637
1751698 1315 11270 1402 129
1751698 24 10170 812 1559
1751698 517 9864 1686 1637
1751698 1315 11270 1402 129
1751698 24 10170 812 1559
1751698 517 9864 1686 1637
1753887 1846 11623 1061 674
1754979 439 7014 1131 94
1757283 1038 10098 1148 409
1757283 191 9071 697 3058
1757283 105 9235 365 1246
1757283 395 10734 1804 707
1757283 1038 10098 1148 409
1757283 191 9071 697 3058
1757283 105 9235 365 1246
1757283 395 10734 1804 707
1757283 1038 10098 1148 409
1757283 191 9071 697 3058
1757283 105 9235 365 1246
1757283 395 10734 1804 707
1757283 1038 10098 1148 409
1757283 191 9071 697 3058
1757283 105 9235 365 1246
1757283 395 10734 1804 707
1759788 137 10105 1075 1950
1759788 2440 10496 701 837
1759788 2519 10136 172 327
1759788 137 10105 1075 1950
1759788 2440 10496 701 837
1759788 2519 10136 172 327
1759788 137 10105 1075 1950
1759788 2440 10496 701 837
1759788 2519 10136 172 327
1762505 390 8535 172 1092
1762505 375 10644 2949 1414
1762505 390 8535 172 1092
1762505 375 10644 2949 1414
1764371 618 9288 1634 1229
1764371 793 8561 676 1176
1764371 389 9233 1103 720
1764371 1200 8800 1521 1023
1764371 980 12120 965 269
1764371 618 9288 1634 1229
1764371 793 8561 676 1176
1764371 389 9233 1103 720
1764371 1200 8800 1521 1023
1764371 980 12120 965 269
1764371 618 9288 1634 1229
1764371 793 8561 676 1176
1764371 389 9233 1103 720
1764371 1200 8800 1521 1023
1764371 980 12120 965 269
1764371 618 9288 1634 1229
1764371 793 8561 676 1176
1764371 389 9233 1103 720
1764371 1200 8800 1521 1023
1764371 980 12120 965 269
1764371 618 9288 1634 1229
1764371 793 8561 676 1176
1764371 389 9233 1103 720
1764371 1200 8800 1521 1023
1764371 980 12120 965 269
1766607 525 9540 1848 2052
1766607 2406 9222 303 226
1766607 525 9540 1848 2052
1766607 2406 9222 303 226
1767899 413 9292 2293 551
1767899 238 9262 985 1878
1767899 413 9292 2293 551
1767899 238 9262 985 1878
1767899 1647 10456 416 1283
1768901 66 10541 1357 549
1770939 2209 9888 960 1130
1773368 1353 10148 186 1632
1773368 433 9602 1137 125
1773368 1461 9669 344 1431
1773368 1153 12549 2067 382
1773368 287 8233 448 876
1773368 78 12002 265 834
1773368 1353 10148 186 1632
1773368 433 9602 1137 125
1773368 1461 9669 344 1431
1773368 1153 12549 2067 382
1773368 287 8233 448 876
1773368 78 12002 265 834
1773368 1353 10148 186 1632
1773368 433 9602 1137 125
1773368 1461 9669 344 1431
1773368 1153 12549 2067 382
1773368 287 8233 448 876
1773368 78 12002 265 834
1773368 1353 10148 186 1632
1773368 433 9602 1137 125
1773368 1461 9669 344 1431
1773368 1153 12549 2067 382
1773368 287 8233 448 876
1773368 78 12002 265 834
1773368 1353 10148 186 1632
1773368 433 9602 1137 125
1773368 1461 9669 344 1431
1773368 1153 12549 2067 382
1773368 287 8233 448 876
1773368 78 12002 265 834
1773368 1353 10148 186 1632
1773368 433 9602 1137 125
1773368 1461 9669 344 1431
1773368 1153 12549 2067 382
1773368 287 8233 448 876
1773368 78 12002 265 834
1774470 241 8820 1080 1884
1774470 1359 10579 714 949
1774470 70 9264 761 365
1774470 1112 9240 1717 499
1774470 241 8820 1080 1884
1774470 1359 10579 714 949
1774470 70 9264 761 365
1774470 1112 9240 1717 499
1774470 241 8820 1080 1884
1774470 1359 10579 714 949
1774470 70 9264 761 365
1774470 1112 9240 1717 499
1774470 241 8820 1080 1884
1774470 1359 10579 714 949
1774470 70 9264 761 365
1774470 1112 9240 1717 499
1776950 1019 10866 337 845
1779730 302 11336 1118 714
1781698 1306 9331 207 1120
1781698 1397 12005 618 847
1781698 898 11465 1124 1156
1781698 431 9089 1239 498
1781698 1306 9331 207 1120
1781698 1397 12005 618 847
1781698 898 11465 1124 1156
1781698 431 9089 1239 498
1781698 1306 9331 207 1120
1781698 1397 12005 618 847
1781698 898 11465 1124 1156
1781698 431 9089 1239 498
1781698 1306 9331 207 1120
1781698 1397 12005 618 847
1781698 898 11465 1124 1156
1781698 431 9089 1239 498
1784485 1466 9230 1329 1298
1786204 1194 7236 662 907
1787393 1123 10674 1448 2290
1788486 2145 11243 7 36
1788486 298 8609 1015 1434
1788486 2145 11243 7 36
1788486 298 8609 1015 1434
1791095 944 11181 942 351
1791095 159 8303 2309 730
1791095 944 11181 942 351
1791095 159 8303 2309 730
1792393 416 10223 87 489
1792393 1479 8194 495 1382
1792393 416 10223 87 489
1792393 1479 8194 495 1382
1793521 233 10094 1700 2618
1794542 1358 11025 56 1289
1794542 84 10324 1732 846
1794542 812 8286 976 916
1794542 1358 11025 56 1289
1794542 84 10324 1732 846
1794542 812 8286 976 916
1794542 1358 11025 56 1289
1794542 84 10324 1732 846
1794542 812 8286 976 916
1795949 1411 12547 1685 750
1797171 1426 8761 697 643
1797171 739 7735 1714 643
1797171 1426 8761 697 643
1797171 739 7735 1714 643
1798299 409 8330 239 96
1798299 1318 12411 2256 1894
1798299 1139 10625 847 761
1798299 409 8330 239 96
1798299 1318 12411 2256 1894
1798299 1139 10625 847 761
1798299 409 8330 239 96
1798299 1318 12411 2256 1894
1798299 1139 10625 847 761
1799606 767 8313 285 363
1801360 259 7566 1212 1667
1803199 11 10585 960 1667
1803199 490 10634 654 599
1803199 11 10585 960 1667
1803199 490 10634 654 599
1804542 1768 10070 939 994
1806987 1022 11492 2328 54
1809528 1094 11092 427 959
1809528 1312 11651 1606 70
1809528 1094 11092 427 959
1809528 1312 11651 1606 70
1812326 1933 9773 1662 195
1814796 687 9774 36 329
1814796 323 10866 856 1091
1814796 1794 8944 214 1450
1814796 687 9774 36 329
1814796 323 10866 856 1091
1814796 1794 8944 214 1450
1814796 687 9774 36 329
1814796 323 10866 856 1091
1814796 1794 8944 214 1450
1814796 979 10858 24 1693
1814796 1635 8988 493 209
1814796 2454 12906 287 940
1814796 979 10858 24 1693
1814796 1635 8988 493 209
1814796 2454 12906 287 940
1814796 979 10858 24 1693
1814796 1635 8988 493 209
1814796 2454 12906 287 940
1817016 685 6710 1319 724
1819065 1440 8847 1742 1016
1821498 91 10441 259 622
1823196 462 7953 1251 579
1824449 1182 10303 238 782
1824449 622 9942 678 899
1824449 1182 10303 238 782
1824449 622 9942 678 899
1825449 759 10861 996 896
1825449 1928 8159 1387 1383
1825449 759 10861 996 896
1825449 1928 8159 1387 1383
1826684 200 9794 32 64
1826684 1093 9874 769 1123
1826684 200 9794 32 64
1826684 1093 9874 769 1123
1829331 793 10821 1346 423
1829331 1916 8291 1270 22
1829331 564 11494 272 967
1829331 1738 11355 362 362
1829331 2050 8164 389 1223
1829331 1075 10178 1152 694
1829331 1295 9734 2003 162
1829331 58 8538 1536 1176
1829331 793 10821 1346 423
1829331 1916 8291 1270 22
1829331 564 11494 272 967
1829331 1738 11355 362 362
1829331 2050 8164 389 1223
1829331 1075 10178 1152 694
1829331 1295 9734 2003 162
1829331 58 8538 1536 1176
1829331 793 10821 1346 423
1829331 1916 8291 1270 22
1829331 564 11494 272 967
1829331 1738 11355 362 362
1829331 2050 8164 389 1223
1829331 1075 10178 1152 694
1829331 1295 9734 2003 162
1829331 58 8538 1536 1176
1829331 793 10821 1346 423
1829331 1916 8291 1270 22
1829331 564 11494 272 967
1829331 1738 11355 362 362
1829331 2050 8164 389 1223
1829331 1075 10178 1152 694
1829331 1295 9734 2003 162
1829331 58 8538 1536 1176
1829331 793 10821 1346 423
1829331 1916 8291 1270 22
1829331 564 11494 272 967
1829331 1738 11355 362 362
1829331 2050 8164 389 1223
1829331 1075 10178 1152 694
1829331 1295 9734 2003 162
1829331 58 8538 1536 1176
1829331 793 10821 1346 423
1829331 1916 8291 1270 22
1829331 564 11494 272 967
1829331 1738 11355 362 362
1829331 2050 8164 389 1223
1829331 1075 10178 1152 694
1829331 1295 9734 2003 162
1829331 58 8538 1536 1176
1829331 793 10821 1346 423
1829331 1916 8291 1270 22
1829331 564 11494 272 967
1829331 1738 11355 362 362
1829331 2050 8164 389 1223
1829331 1075 10178 1152 694
1829331 1295 9734 2003 162
1829331 58 8538 1536 1176
1829331 793 10821 1346 423
1829331 1916 8291 1270 22
1829331 564 11494 272 967
1829331 1738 11355 362 362
1829331 2050 8164 389 1223
1829331 1075 10178 1152 694
1829331 1295 9734 2003 162
1829331 58 8538 1536 1176
1832098 945 8159 259 2107
1833835 885 10875 815 468
1833835 607 8476 613 1978
1833835 885 10875 815 468
1833835 607 8476 613 1978
1836812 1004 10735 1103 455
1839223 635 9196 574 619
1841359 855 8937 1290 262
1841359 154 11085 1172 441
1841359 373 13248 1172 1611
1841359 845 9111 309 92
1841359 855 8937 1290 262
1841359 154 11085 1172 441
1841359 373 13248 1172 1611
1841359 845 9111 309 92
1841359 855 8937 1290 262
1841359 154 11085 1172 441
1841359 373 13248 1172 1611
1841359 845 9111 309 92
1841359 855 8937 1290 262
1841359 154 11085 1172 441
1841359 373 13248 1172 1611
1841359 845 9111 309 92
1843081 1157 10746 1244 1617
1843081 156 9871 1205 841
1843081 184 10155 255 1358
1843081 518 9316 437 1662
1843081 1157 10746 1244 1617
1843081 156 9871 1205 841
1843081 184 10155 255 1358
1843081 518 9316 437 1662
1843081 1157 10746 1244 1617
1843081 156 9871 1205 841
1843081 184 10155 255 1358
1843081 518 9316 437 1662
1843081 1157 10746 1244 1617
1843081 156 9871 1205 841
1843081 184 10155 255 1358
1843081 518 9316 437 1662
1844553 1072 8830 168 26
1846979 86 10227 362 1083
1846979 296 10556 1825 334
1846979 86 10227 362 1083
1846979 296 10556 1825 334
1848606 1446 10372 1098 2217
1850899 1508 9977 652 2672
1850899 807 9677 59 332
1850899 839 10599 1877 566
1850899 1508 9977 652 2672
1850899 807 9677 59 332
1850899 839 10599 1877 566
1850899 1508 9977 652 2672
1850899 807 9677 59 332
1850899 839 10599 1877 566
1851977 503 10238 551 1073
1851977 1856 11249 1039 1812
1851977 503 10238 551 1073
1851977 1856 11249 1039 1812
1854546 36 9710 705 666
1856333 328 11095 901 1431
1856333 2484 9764 103 1953
1856333 328 11095 901 1431
1856333 2484 9764 103 1953
1858632 472 9485 186 698
1858632 987 9395 1604 1584
1858632 1666 8393 352 1373
1858632 472 9485 186 698
1858632 987 9395 1604 1584
1858632 1666 8393 352 1373
1858632 472 9485 186 698
1858632 987 9395 1604 1584
1858632 1666 8393 352 1373
1861304 1106 9371 839 101
1861304 773 8948 1642 328
1863907 1645 12672 385 148
1865036 1257 10064 447 1581
1866456 571 11303 2164 36
1867875 657 7146 62 52
1869439 355 9823 438 1974
1869439 793 11947 2014 779
1869439 355 9823 438 1974
1869439 793 11947 2014 779
1872135 1429 10360 1518 1760
1874931 855 9172 1586 858
1874931 738 11970 448 603
1874931 942 10237 1559 691
1874931 1123 9445 2371 1289
1874931 312 9996 75 597
1874931 489 10252 711 1559
1874931 855 9172 1586 858
1874931 738 11970 448 603
1874931 942 10237 1559 691
1874931 1123 9445 2371 1289
1874931 312 9996 75 597
1874931 489 10252 711 1559
1874931 855 9172 1586 858
1874931 738 11970 448 603
1874931 942 10237 1559 691
1874931 1123 9445 2371 1289
1874931 312 9996 75 597
1874931 489 10252 711 1559
1874931 855 9172 1586 858
1874931 738 11970 448 603
1874931 942 10237 1559 691
1874931 1123 9445 2371 1289
1874931 312 9996 75 597
1874931 489 10252 711 1559
1874931 855 9172 1586 858
1874931 738 11970 448 603
1874931 942 10237 1559 691
1874931 1123 9445 2371 1289
1874931 312 9996 75 597
1874931 489 10252 711 1559
1874931 855 9172 1586 858
1874931 738 11970 448 603
1874931 942 10237 1559 691
1874931 1123 9445 2371 1289
1874931 312 9996 75 597
1874931 489 10252 711 1559
1876075 306 11699 2130 1246
1876075 977 11451 2690 396
1876075 1687 8095 1225 1910
1876075 306 11699 2130 1246
1876075 977 11451 2690 396
1876075 1687 8095 1225 1910
1876075 306 11699 2130 1246
1876075 977 11451 2690 396
1876075 1687 8095 1225 1910
1877625 209 9424 720 569
1877625 2155 12567 1249 725
1877625 209 9424 720 569
1877625 2155 12567 1249 725
1879497 282 11756 1194 1611
1879497 370 8241 1207 353
1879497 1135 9301 187 1695
1879497 282 11756 1194 1611
1879497 370 8241 1207 353
1879497 1135 9301 187 1695
1879497 282 11756 1194 1611
1879497 370 8241 1207 353
1879497 1135 9301 187 1695
1881817 1261 10905 134 972
1881817 3111 12033 2286 2111
1881817 1261 10905 134 972
1881817 3111 12033 2286 2111
1883894 545 12037 1830 2429
1886180 384 9137 546 280
1886180 837 11219 195 2401
1886180 384 9137 546 280
1886180 837 11219 195 2401
1888802 54 8675 2923 1800
1890349 920 11016 3281 1011
1892359 1223 10844 1797 441
1892359 893 10934 347 2573
1892359 491 8901 587 603
1892359 757 10905 482 1111
1892359 1223 10844 1797 441
1892359 893 10934 347 2573
1892359 491 8901 587 603
1892359 757 10905 482 1111
1892359 1223 10844 1797 441
1892359 893 10934 347 2573
1892359 491 8901 587 603
1892359 757 10905 482 1111
1892359 1223 10844 1797 441
1892359 893 10934 347 2573
1892359 491 8901 587 603
1892359 757 10905 482 1111
1893447 810 9028 1527 471
1893447 54 9713 1442 1707
1893447 810 9028 1527 471
1893447 54 9713 1442 1707
1894510 116 11240 1129 306
1895771 994 9891 1234 418
1898755 1361 9221 524 1883
1901340 2465 8034 73 1224
1901340 1455 10855 1716 959
1901340 3241 9090 303 1333
1901340 289 10117 739 30
1901340 41 10980 628 2205
1901340 1657 10860 968 1418
1901340 2465 8034 73 1224
1901340 1455 10855 1716 959
1901340 3241 9090 303 1333
1901340 289 10117 739 30
1901340 41 10980 628 2205
1901340 1657 10860 968 1418
1901340 2465 8034 73 1224
1901340 1455 10855 1716 959
1901340 3241 9090 303 1333
1901340 289 10117 739 30
1901340 41 10980 628 2205
1901340 1657 10860 968 1418
1901340 2465 8034 73 1224
1901340 1455 10855 1716 959
1901340 3241 9090 303 1333
1901340 289 10117 739 30
1901340 41 10980 628 2205
1901340 1657 10860 968 1418
1901340 2465 8034 73 1224
1901340 1455 10855 1716 959
1901340 3241 9090 303 1333
1901340 289 10117 739 30
1901340 41 10980 628 2205
1901340 1657 10860 968 1418
1901340 2465 8034 73 1224
1901340 1455 10855 1716 959
1901340 3241 9090 303 1333
1901340 289 10117 739 30
1901340 41 10980 628 2205
1901340 1657 10860 968 1418
1903789 956 9499 2133 1195
1903789 718 8900 73 594
1903789 566 9808 552 1378
1903789 956 9499 2133 1195
1903789 718 8900 73 594
1903789 566 9808 552 1378
1903789 956 9499 2133 1195
1903789 718 8900 73 594
1903789 566 9808 552 1378
1906039 1024 10015 1635 1006
1908004 1466 12635 1175 784
1908004 141 8363 1672 753
1908004 1466 12635 1175 784
1908004 141 8363 1672 753
1909635 664 10752 247 1117
1912428 3472 10034 541 760
1914913 289 10820 976 91
1914913 600 7639 581 3218
1914913 1131 10802 128 84
1914913 289 10820 976 91
1914913 600 7639 581 3218
1914913 1131 10802 128 84
1914913 289 10820 976 91
1914913 600 7639 581 3218
1914913 1131 10802 128 84
1916726 472 9525 1800 5
1918114 451 8727 1847 2375
1918114 1176 10301 1507 165
1918114 1291 10371 205 1316
1918114 1029 10441 1462 1561
1918114 1567 10433 869 401
1918114 451 8727 1847 2375
1918114 1176 10301 1507 165
1918114 1291 10371 205 1316
1918114 1029 10441 1462 1561
1918114 1567 10433 869 401
1918114 451 8727 1847 2375
1918114 1176 10301 1507 165
1918114 1291 10371 205 1316
1918114 1029 10441 1462 1561
1918114 1567 10433 869 401
1918114 451 8727 1847 2375
1918114 1176 10301 1507 165
1918114 1291 10371 205 1316
1918114 1029 10441 1462 1561
1918114 1567 10433 869 401
1918114 451 8727 1847 2375
1918114 1176 10301 1507 165
1918114 1291 10371 205 1316
1918114 1029 10441 1462 1561
1918114 1567 10433 869 401
1920213 1382 9148 44 514
1920213 1617 9856 217 2267
1920213 131 8049 397 1282
1920213 1382 9148 44 514
1920213 1617 9856 217 2267
1920213 131 8049 397 1282
1920213 1382 9148 44 514
1920213 1617 9856 217 2267
1920213 131 8049 397 1282
1921300 614 8703 187 130
1922732 227 10622 2343 193
1922732 1172 9144 386 2478
1922732 307 9427 1464 528
1922732 2578 10075 739 1067
1922732 2440 9450 1883 1676
1922732 335 9143 426 1471
1922732 1510 10592 1325 482
1922732 227 10622 2343 193
1922732 1172 9144 386 2478
1922732 307 9427 1464 528
1922732 2578 10075 739 1067
1922732 2440 9450 1883 1676
1922732 335 9143 426 1471
1922732 1510 10592 1325 482
1922732 227 10622 2343 193
1922732 1172 9144 386 2478
1922732 307 9427 1464 528
1922732 2578 10075 739 1067
1922732 2440 9450 1883 1676
1922732 335 9143 426 1471
1922732 1510 10592 1325 482
1922732 227 10622 2343 193
1922732 1172 9144 386 2478
1922732 307 9427 1464 528
1922732 2578 10075 739 1067
1922732 2440 9450 1883 1676
1922732 335 9143 426 1471
1922732 1510 10592 1325 482
1922732 227 10622 2343 193
1922732 1172 9144 386 2478
1922732 307 9427 1464 528
1922732 2578 10075 739 1067
1922732 2440 9450 1883 1676
1922732 335 9143 426 1471
1922732 1510 10592 1325 482
1922732 227 10622 2343 193
1922732 1172 9144 386 2478
1922732 307 9427 1464 528
1922732 2578 10075 739 1067
1922732 2440 9450 1883 1676
1922732 335 9143 426 1471
1922732 1510 10592 1325 482
1922732 227 10622 2343 193
1922732 1172 9144 386 2478
1922732 307 9427 1464 528
1922732 2578 10075 739 1067
1922732 2440 9450 1883 1676
1922732 335 9143 426 1471
1922732 1510 10592 1325 482
1923950 1064 11104 1583 1727
1923950 58 9558 740 316
1923950 1064 11104 1583 1727
1923950 58 9558 740 316
1926610 345 11237 2542 687
1929523 1011 9007 276 494
1929523 352 8604 5 1253
1929523 1011 9007 276 494
1929523 352 8604 5 1253
1932186 1116 7554 975 526
1932186 1426 10987 678 311
1932186 1116 7554 975 526
1932186 1426 10987 678 311
1934122 270 10318 728 1746
1936458 873 11485 856 478
1939299 301 7987 2052 1002
1941520 2063 11658 782 1990
1942715 858 7073 1703 571
1942715 1636 10418 254 480
1942715 858 7073 1703 571
1942715 1636 10418 254 480
1944976 386 8544 83 2030
1944976 174 10160 157 111
1944976 3037 11290 46 606
1944976 386 8544 83 2030
1944976 174 10160 157 111
1944976 3037 11290 46 606
1944976 386 8544 83 2030
1944976 174 10160 157 111
1944976 3037 11290 46 606
1947179 79 11843 1639 1416
1948540 477 11054 2992 86
1950852 236 11578 820 1241
1952505 1234 9514 110 1150
1954154 1277 10087 715 430
1954154 220 7895 1025 539
1954154 1277 10087 715 430
1954154 220 7895 1025 539
1955196 32 8806 152 56
1955196 1554 9575 1135 221
1955196 32 8806 152 56
1955196 1554 9575 1135 221
1957633 921 9920 957 1120
1957633 1474 10821 646 2231
1957633 921 9920 957 1120
1957633 1474 10821 646 2231
1960015 1748 9843 1571 1351
1961966 1118 10705 2173 558
1961966 1652 12168 675 508
1964319 2859 12265 2364 773
1964319 2519 8615 1239 349
1964319 2132 9759 1010 931
1964319 1368 7659 2554 1799
1964319 1727 9929 501 378
1964319 76 10404 108 927
1964319 602 11673 766 763
1964319 2859 12265 2364 773
1964319 2519 8615 1239 349
1964319 2132 9759 1010 931
1964319 1368 7659 2554 1799
1964319 1727 9929 501 378
1964319 76 10404 108 927
1964319 602 11673 766 763
1964319 2859 12265 2364 773
1964319 2519 8615 1239 349
1964319 2132 9759 1010 931
1964319 1368 7659 2554 1799
1964319 1727 9929 501 378
1964319 76 10404 108 927
1964319 602 11673 766 763
1964319 2859 12265 2364 773
1964319 2519 8615 1239 349
1964319 2132 9759 1010 931
1964319 1368 7659 2554 1799
1964319 1727 9929 501 378
1964319 76 10404 108 927
1964319 602 11673 766 763
1964319 2859 12265 2364 773
1964319 2519 8615 1239 349
1964319 2132 9759 1010 931
1964319 1368 7659 2554 1799
1964319 1727 9929 501 378
1964319 76 10404 108 927
1964319 602 11673 766 763
1964319 2859 12265 2364 773
1964319 2519 8615 1239 349
1964319 2132 9759 1010 931
1964319 1368 7659 2554 1799
1964319 1727 9929 501 378
1964319 76 10404 108 927
1964319 602 11673 766 763
1964319 2859 12265 2364 773
1964319 2519 8615 1239 349
1964319 2132 9759 1010 931
1964319 1368 7659 2554 1799
1964319 1727 9929 501 378
1964319 76 10404 108 927
1964319 602 11673 766 763
1966992 445 9971 973 1283
1969448 1693 10637 63 1997
1972290 315 10194 380 731
1974193 450 12874 796 1649
1974193 177 9180 582 1319
1974193 450 12874 796 1649
1974193 177 9180 582 1319
1976073 1913 9442 848 1517
1976073 935 10207 1957 1606
1976073 1129 10522 1004 231
1976073 1913 9442 848 1517
1976073 935 10207 1957 1606
1976073 1129 10522 1004 231
1976073 1913 9442 848 1517
1976073 935 10207 1957 1606
1976073 1129 10522 1004 231
1978492 864 9425 1263 864
1978492 966 10711 141 2328
1978492 864 9425 1263 864
1978492 966 10711 141 2328
1980941 1611 9707 2150 48
1980941 450 10851 2551 1126
1980941 1016 7410 544 204
1980941 1611 9707 2150 48
1980941 450 10851 2551 1126
1980941 1016 7410 544 204
1980941 1611 9707 2150 48
1980941 450 10851 2551 1126
1980941 1016 7410 544 204
1982689 286 10479 1380 829
1984976 1173 8630 928 1653
1987079 1636 10364 1034 1777
1987079 520 10999 0 792
1987079 486 11246 736 1439
1987079 1636 10364 1034 1777
1987079 520 10999 0 792
1987079 486 11246 736 1439
1987079 1636 10364 1034 1777
1987079 520 10999 0 792
1987079 486 11246 736 1439
1989243 100 10193 431 1557
1990908 161 11359 517 1991
1990908 2729 11441 62 1834
1990908 161 11359 517 1991
1990908 2729 11441 62 1834
1993715 1462 10727 1704 1176
1993715 1076 7057 1064 320
1993715 1462 10727 1704 1176
1993715 1076 7057 1064 320
1995000 244 11134 2079 711
1995000 1034 8366 1653 725
1995000 244 11134 2079 711
1995000 1034 8366 1653 725
1996243 1091 8328 481 1307
1998849 1085 8254 595 296
1998849 1700 8160 1378 675
1998849 869 9228 240 966
1998849 475 10086 268 1189
1998849 1085 8254 595 296
1998849 1700 8160 1378 675
1998849 869 9228 240 966
1998849 475 10086 268 1189
1998849 1085 8254 595 296
1998849 1700 8160 1378 675
1998849 869 9228 240 966
1998849 475 10086 268 1189
1998849 1085 8254 595 296
1998849 1700 8160 1378 675
1998849 869 9228 240 966
1998849 475 10086 268 1189
2001593 460 10429 351 411
2003165 1323 7839 1607 372
2003165 1400 10393 407 1901
2003165 41 9994 556 1134
2003165 1323 7839 1607 372
2003165 1400 10393 407 1901
2003165 41 9994 556 1134
2003165 1323 7839 1607 372
2003165 1400 10393 407 1901
2003165 41 9994 556 1134
2004418 648 11505 1389 793
2005619 482 9582 1228 966
2007909 51 9090 628 339
2009610 878 9860 466 2274
2011330 970 9913 2900 116
2014127 1408 9318 375 116
2016398 77 9384 429 38
2016398 734 9285 692 1020
2016398 77 9384 429 38
2016398 734 9285 692 1020
2016398 1913 8478 231 278
2017492 2152 10045 549 128
2019164 460 12010 397 976
2021415 1334 11520 740 1361
2021415 1116 8898 404 312
2021415 429 8719 738 304
2021415 1002 7524 668 155
2021415 1154 11749 963 1865
2021415 1334 11520 740 1361
2021415 1116 8898 404 312
2021415 429 8719 738 304
2021415 1002 7524 668 155
2021415 1154 11749 963 1865
2021415 1334 11520 740 1361
2021415 1116 8898 404 312
2021415 429 8719 738 304
2021415 1002 7524 668 155
2021415 1154 11749 963 1865
2021415 1334 11520 740 1361
2021415 1116 8898 404 312
2021415 429 8719 738 304
2021415 1002 7524 668 155
2021415 1154 11749 963 1865
2021415 1334 11520 740 1361
2021415 1116 8898 404 312
2021415 429 8719 738 304
2021415 1002 7524 668 155
2021415 1154 11749 963 1865
2024352 1767 9384 1143 1281
2024352 386 12153 356 1609
2024352 494 11191 79 1992
2024352 1767 9384 1143 1281
2024352 386 12153 356 1609
2024352 494 11191 79 1992
2024352 1767 9384 1143 1281
2024352 386 12153 356 1609
2024352 494 11191 79 1992
2026884 313 8668 1146 261
2028289 601 11420 101 1071
2028289 277 9370 879 1218
2028289 343 10503 574 354
2028289 1646 11140 365 848
2028289 601 11420 101 1071
2028289 277 9370 879 1218
2028289 343 10503 574 354
2028289 1646 11140 365 848
2028289 601 11420 101 1071
2028289 277 9370 879 1218
2028289 343 10503 574 354
2028289 1646 11140 365 848
2028289 601 11420 101 1071
2028289 277 9370 879 1218
2028289 343 10503 574 354
2028289 1646 11140 365 848
2029637 1365 10712 1289 647
2029637 481 10366 660 1249
2029637 1365 10712 1289 647
2029637 481 10366 660 1249
2032624 1188 10874 1447 375
2032624 685 7796 102 1627
2032624 2394 11044 2563 2381
2032624 1188 10874 1447 375
2032624 685 7796 102 1627
2032624 2394 11044 2563 2381
2032624 1188 10874 1447 375
2032624 685 7796 102 1627
2032624 2394 11044 2563 2381
2035532 1363 9984 664 897
2035532 1422 10445 1945 532
2035532 1363 9984 664 897
2035532 1422 10445 1945 532
2037081 1289 11025 22 783
2038102 1033 9223 970 614
2038102 490 10692 382 960
2038102 62 8573 871 582
2038102 1033 9223 970 614
2038102 490 10692 382 960
2038102 62 8573 871 582
2038102 1033 9223 970 614
2038102 490 10692 382 960
2038102 62 8573 871 582
2040778 1714 9573 520 1800
2040778 208 10441 639 915
2040778 675 10159 55 159
2040778 1714 9573 520 1800
2040778 208 10441 639 915
2040778 675 10159 55 159
2040778 1714 9573 520 1800
2040778 208 10441 639 915
2040778 675 10159 55 159
2042949 1374 10393 397 71
2044234 889 9354 297 16
2044234 927 11218 40 282
2044234 889 9354 297 16
2044234 927 11218 40 282
2047142 78 10357 672 341
2048520 84 8210 1073 1879
2050877 1005 9208 264 1116
2050877 916 10210 340 402
2050877 1005 9208 264 1116
2050877 916 10210 340 402
2053048 1487 11104 1082 954
2055770 2881 9405 365 476
2058472 2311 10727 407 257
2058472 1555 9902 914 1832
2058472 2311 10727 407 257
2058472 1555 9902 914 1832
2059713 109 11372 1840 891
2059713 1112 7502 266 498
2059713 109 11372 1840 891
2059713 1112 7502 266 498
2062483 873 10325 1444 273
2065022 218 9824 42 2261
2067319 601 10416 1341 752
2068884 727 10593 597 794
2071468 2327 9084 766 2346
2071468 47 10529 1737 1826
2071468 2327 9084 766 2346
2071468 47 10529 1737 1826
2073296 216 8212 826 2295
2073296 483 10569 1114 316
2074617 223 8523 479 35
2075727 1823 8316 475 1962
2077601 343 9213 661 2073
2077601 2171 9994 1556 1607
2077601 343 9213 661 2073
2077601 2171 9994 1556 1607
2079115 315 10945 3 115
2081079 88 9428 1032 889
2081079 1440 7573 523 826
2081079 88 9428 1032 889
2081079 1440 7573 523 826
2082200 1350 10092 496 615
2082200 401 8165 354 1387
2082200 1350 10092 496 615
2082200 401 8165 354 1387
2084917 445 10243 237 679
2086271 543 9176 593 210
2087416 2036 8985 341 1483
2088578 51 11961 1735 360
2090674 1029 9874 896 1490
2091690 501 9195 663 1305
2093353 1257 10697 1372 633
2095755 796 10394 1644 2084
2097566 618 8930 1123 46
2099753 195 8886 284 1062
2099753 670 8339 561 558
2099753 195 8886 284 1062
2099753 670 8339 561 558
2101196 1660 10535 585 1527
2102338 523 9416 1499 916
2102338 932 10411 834 632
2102338 523 9416 1499 916
2102338 932 10411 834 632
2103641 843 8524 1349 198
2104822 756 11768 161 782
2104822 611 9355 1067 972
2104822 338 9756 1473 1937
2104822 756 11768 161 782
2104822 611 9355 1067 972
2104822 338 9756 1473 1937
2104822 756 11768 161 782
2104822 611 9355 1067 972
2104822 338 9756 1473 1937
2107460 1380 11316 576 1993
2107460 767 11843 1911 557
2107460 791 9791 1166 240
2107460 626 11804 680 1276
2107460 1380 11316 576 1993
2107460 767 11843 1911 557
2107460 791 9791 1166 240
2107460 626 11804 680 1276
2107460 1380 11316 576 1993
2107460 767 11843 1911 557
2107460 791 9791 1166 240
2107460 626 11804 680 1276
2107460 1380 11316 576 1993
2107460 767 11843 1911 557
2107460 791 9791 1166 240
2107460 626 11804 680 1276
2108860 339 10463 730 454
2108860 1110 9743 455 601
2108860 459 9474 138 900
2108860 339 10463 730 454
2108860 1110 9743 455 601
2108860 459 9474 138 900
2108860 339 10463 730 454
2108860 1110 9743 455 601
2108860 459 9474 138 900
2110999 2747 9245 946 970
2110999 481 8208 728 54
2110999 1826 8646 1383 299
2110999 1609 7665 1635 741
2110999 2747 9245 946 970
2110999 481 8208 728 54
2110999 1826 8646 1383 299
2110999 1609 7665 1635 741
2110999 2747 9245 946 970
2110999 481 8208 728 54
2110999 1826 8646 1383 299
2110999 1609 7665 1635 741
2110999 2747 9245 946 970
2110999 481 8208 728 54
2110999 1826 8646 1383 299
2110999 1609 7665 1635 741
2112353 461 7607 1548 179
2112353 441 12548 380 1753
2112353 461 7607 1548 179
2112353 441 12548 380 1753
2113793 1719 10204 351 553
2115587 125 10227 2802 1
2116831 400 10049 1278 392
2119613 1939 8837 1193 507
2119613 36 10015 1024 1254
2119613 204 7058 45 138
2119613 1939 8837 1193 507
2119613 36 10015 1024 1254
2119613 204 7058 45 138
2119613 1939 8837 1193 507
2119613 36 10015 1024 1254
2119613 204 7058 45 138
2121324 821 8517 193 1396
2124185 1581 11539 859 494
2124185 2014 9232 619 2119
2124185 1581 11539 859 494
2124185 2014 9232 619 2119
2124185 393 9017 832 2473
2126118 1491 8370 907 552
2127637 677 8489 242 2399
2129198 1617 10076 409 546
2131131 91 11200 1 1054
2132390 1695 8544 2264 2755
2134586 222 8033 695 29
2134586 103 11211 313 762
2134586 222 8033 695 29
2134586 103 11211 313 762
2137076 1844 10020 800 1538
2138445 662 8537 484 380
2138445 1831 8976 22 1791
2138445 934 7645 968 974
2138445 885 11599 1094 446
2138445 662 8537 484 380
2138445 1831 8976 22 1791
2138445 934 7645 968 974
2138445 885 11599 1094 446
2138445 662 8537 484 380
2138445 1831 8976 22 1791
2138445 934 7645 968 974
2138445 885 11599 1094 446
2138445 662 8537 484 380
2138445 1831 8976 22 1791
2138445 934 7645 968 974
2138445 885 11599 1094 446
2140467 774 11414 1406 794
2140467 320 10625 85 1728
2140467 713 10421 133 1363
2140467 774 11414 1406 794
2140467 320 10625 85 1728
2140467 713 10421 133 1363
2140467 774 11414 1406 794
2140467 320 10625 85 1728
2140467 713 10421 133 1363
2142717 361 12184 1217 904
2142717 2335 11983 595 777
2142717 361 12184 1217 904
2142717 2335 11983 595 777
2143914 1604 8439 1657 1240
2145566 1514 7448 1334 2300
2147448 1289 11650 1526 48
2147448 2089 9506 852 951
2147448 1289 11650 1526 48
2147448 2089 9506 852 951
2148915 963 10893 1111 3573
2148915 1813 10041 547 646
2148915 317 7779 1410 1159
2148915 541 8880 2398 1950
2148915 119 10328 577 582
2148915 963 10893 1111 3573
2148915 1813 10041 547 646
2148915 317 7779 1410 1159
2148915 541 8880 2398 1950
2148915 119 10328 577 582
2148915 963 10893 1111 3573
2148915 1813 10041 547 646
2148915 317 7779 1410 1159
2148915 541 8880 2398 1950
2148915 119 10328 577 582
2148915 963 10893 1111 3573
2148915 1813 10041 547 646
2148915 317 7779 1410 1159
2148915 541 8880 2398 1950
2148915 119 10328 577 582
2148915 963 10893 1111 3573
2148915 1813 10041 547 646
2148915 317 7779 1410 1159
2148915 541 8880 2398 1950
2148915 119 10328 577 582
2151055 1823 10520 1407 564
2151055 840 7023 1294 508
2151055 414 9592 179 60
2151055 339 12689 972 706
2151055 861 10862 693 815
2151055 1823 10520 1407 564
2151055 840 7023 1294 508
2151055 414 9592 179 60
2151055 339 12689 972 706
2151055 861 10862 693 815
2151055 1823 10520 1407 564
2151055 840 7023 1294 508
2151055 414 9592 179 60
2151055 339 12689 972 706
2151055 861 10862 693 815
2151055 1823 10520 1407 564
2151055 840 7023 1294 508
2151055 414 9592 179 60
2151055 339 12689 972 706
2151055 861 10862 693 815
2151055 1823 10520 1407 564
2151055 840 7023 1294 508
2151055 414 9592 179 60
2151055 339 12689 972 706
2151055 861 10862 693 815
2152944 63 10151 1462 338
2154662 1536 10556 2173 591
2155713 1025 12113 531 944
2157557 626 10024 54 340
2157557 1550 10770 603 1113
2157557 626 10024 54 340
2157557 1550 10770 603 1113
2159496 1831 11017 1199 923
2159496 534 8850 1566 249
2159496 1831 11017 1199 923
2159496 534 8850 1566 249
2161816 565 11533 175 671
2163058 368 10901 2397 754
2163058 915 10986 429 1429
2163058 1464 9374 981 1564
2163058 348 9450 446 2160
2163058 1256 10077 344 1638
2163058 368 10901 2397 754
2163058 915 10986 429 1429
2163058 1464 9374 981 1564
2163058 348 9450 446 2160
2163058 1256 10077 344 1638
2163058 368 10901 2397 754
2163058 915 10986 429 1429
2163058 1464 9374 981 1564
2163058 348 9450 446 2160
2163058 1256 10077 344 1638
2163058 368 10901 2397 754
2163058 915 10986 429 1429
2163058 1464 9374 981 1564
2163058 348 9450 446 2160
2163058 1256 10077 344 1638
2163058 368 10901 2397 754
2163058 915 10986 429 1429
2163058 1464 9374 981 1564
2163058 348 9450 446 2160
2163058 1256 10077 344 1638
2164427 238 9882 106 503
2166123 587 8916 666 2299
2168432 608 7521 2483 206
2170111 1207 6960 2135 489
2172527 493 9520 565 77
2173980 76 10605 1361 830
2176005 644 8139 1479 17
2176005 41 9965 1673 2093
2176005 1035 9996 2725 393
2176005 644 8139 1479 17
2176005 41 9965 1673 2093
2176005 1035 9996 2725 393
2176005 644 8139 1479 17
2176005 41 9965 1673 2093
2176005 1035 9996 2725 393
2178495 1822 9243 2 2493
2180913 1128 10493 391 101
2183770 155 10387 27 482
2183770 1395 9585 2700 588
2183770 939 10450 56 196
2183770 1206 8938 679 439
2183770 1438 9709 372 34
2183770 155 10387 27 482
2183770 1395 9585 2700 588
2183770 939 10450 56 196
2183770 1206 8938 679 439
2183770 1438 9709 372 34
2183770 155 10387 27 482
2183770 1395 9585 2700 588
2183770 939 10450 56 196
2183770 1206 8938 679 439
2183770 1438 9709 372 34
2183770 155 10387 27 482
2183770 1395 9585 2700 588
2183770 939 10450 56 196
2183770 1206 8938 679 439
2183770 1438 9709 372 34
2183770 155 10387 27 482
2183770 1395 9585 2700 588
2183770 939 10450 56 196
2183770 1206 8938 679 439
2183770 1438 9709 372 34
2186486 200 8850 157 670
2186486 1314 9119 1784 209
2186486 1991 10674 1249 1029
2186486 200 8850 157 670
2186486 1314 9119 1784 209
2186486 1991 10674 1249 1029
2186486 200 8850 157 670
2186486 1314 9119 1784 209
2186486 1991 10674 1249 1029
2188001 461 9676 598 689
2188001 752 8738 351 757
2188001 461 9676 598 689
2188001 752 8738 351 757
2189028 2814 10195 1701 89
2191358 277 9400 2237 515
2193866 920 7889 206 1854
2195260 109 10280 1726 875
2196568 1521 11305 234 811
2199168 1823 12658 2467 195
2200624 1715 9533 1279 5
2202030 1030 10451 1328 588
2203525 710 9329 400 1059
2203525 269 9640 642 546
2203525 710 9329 400 1059
2203525 269 9640 642 546
2205533 76 10363 1425 1173
2205533 42 10136 176 598
2205533 418 9122 1485 684
2205533 76 10363 1425 1173
2205533 42 10136 176 598
2205533 418 9122 1485 684
2205533 76 10363 1425 1173
2205533 42 10136 176 598
2205533 418 9122 1485 684
2208264 453 8396 1989 69
2208264 1796 10986 3646 2385
2208264 453 8396 1989 69
2208264 1796 10986 3646 2385
2211028 1139 11290 2122 2837
2211028 370 8571 1278 1390
2211028 299 12512 117 1368
2211028 1139 11290 2122 2837
2211028 370 8571 1278 1390
2211028 299 12512 117 1368
2211028 1139 11290 2122 2837
2211028 370 8571 1278 1390
2211028 299 12512 117 1368
2213784 399 9912 872 667
2215515 301 8542 1866 3
2215515 1822 9743 927 206
2215515 1355 10301 2409 425
2215515 301 8542 1866 3
2215515 1822 9743 927 206
2215515 1355 10301 2409 425
2215515 301 8542 1866 3
2215515 1822 9743 927 206
2215515 1355 10301 2409 425
2217940 554 10626 1119 530
2217940 1066 10128 797 223
2217940 554 10626 1119 530
2217940 1066 10128 797 223
2220559 734 9639 2581 1122
2220559 50 10196 458 0
2220559 734 9639 2581 1122
2220559 50 10196 458 0
2223289 822 10697 326 1308
2223289 2128 10921 996 392
2223289 822 10697 326 1308
2223289 2128 10921 996 392
2225911 467 9742 317 296
2228804 1484 10209 842 381
2228804 324 10151 258 755
2228804 1484 10209 842 381
2228804 324 10151 258 755
2230790 609 9776 2047 428
2232240 4 8885 1535 1083
2235139 2315 10020 890 731
2237461 679 12158 1414 766
2237461 733 11946 3733 1362
2237461 1701 8863 1815 131
2237461 679 12158 1414 766
2237461 733 11946 3733 1362
2237461 1701 8863 1815 131
2237461 679 12158 1414 766
2237461 733 11946 3733 1362
2237461 1701 8863 1815 131
2240238 1550 10845 1258 372
2243068 2138 9892 530 1703
2243068 1173 11181 692 1868
2243068 2138 9892 530 1703
2243068 1173 11181 692 1868
2244423 20 10318 2801 1435
2244423 652 12438 2389 613
2244423 670 6022 921 275
2244423 20 10318 2801 1435
2244423 652 12438 2389 613
2244423 670 6022 921 275
2244423 20 10318 2801 1435
2244423 652 12438 2389 613
2244423 670 6022 921 275
2246588 815 9022 2485 2031
2246588 3085 10647 1122 597
2246588 1571 13319 502 1279
2246588 1034 9188 240 269
2246588 116 9938 260 163
2246588 815 9022 2485 2031
2246588 3085 10647 1122 597
2246588 1571 13319 502 1279
2246588 1034 9188 240 269
2246588 116 9938 260 163
2246588 815 9022 2485 2031
2246588 3085 10647 1122 597
2246588 1571 13319 502 1279
2246588 1034 9188 240 269
2246588 116 9938 260 163
2246588 815 9022 2485 2031
2246588 3085 10647 1122 597
2246588 1571 13319 502 1279
2246588 1034 9188 240 269
2246588 116 9938 260 163
2246588 815 9022 2485 2031
2246588 3085 10647 1122 597
2246588 1571 13319 502 1279
2246588 1034 9188 240 269
2246588 116 9938 260 163
2249257 2188 8659 211 2518
2252143 1444 9713 1596 1155
2255124 1665 10286 19 562
2256538 976 10892 1114 1243
2256538 1316 9110 1280 567
2256538 820 10461 391 30
2256538 302 12196 88 388
2256538 259 8361 429 208
2256538 2323 10496 2075 1478
2256538 976 10892 1114 1243
2256538 1316 9110 1280 567
2256538 820 10461 391 30
2256538 302 12196 88 388
2256538 259 8361 429 208
2256538 2323 10496 2075 1478
2256538 976 10892 1114 1243
2256538 1316 9110 1280 567
2256538 820 10461 391 30
2256538 302 12196 88 388
2256538 259 8361 429 208
2256538 2323 10496 2075 1478
2256538 976 10892 1114 1243
2256538 1316 9110 1280 567
2256538 820 10461 391 30
2256538 302 12196 88 388
2256538 259 8361 429 208
2256538 2323 10496 2075 1478
2256538 976 10892 1114 1243
2256538 1316 9110 1280 567
2256538 820 10461 391 30
2256538 302 12196 88 388
2256538 259 8361 429 208
2256538 2323 10496 2075 1478
2256538 976 10892 1114 1243
2256538 1316 9110 1280 567
2256538 820 10461 391 30
2256538 302 12196 88 388
2256538 259 8361 429 208
2256538 2323 10496 2075 1478
2258356 11 10223 39 1111
2259390 1212 9353 587 753
2261559 1022 10782 16 142
2263894 1135 8198 918 48
2266380 1678 10602 38 656
2268875 39 11052 216 1083
2269904 521 9963 314 1421
2272117 1140 9220 1664 189
2274924 934 8700 310 853
2274924 79 10609 495 1224
2274924 1011 11202 13 1943
2274924 217 10591 793 1296
2274924 934 8700 310 853
2274924 79 10609 495 1224
2274924 1011 11202 13 1943
2274924 217 10591 793 1296
2274924 934 8700 310 853
2274924 79 10609 495 1224
2274924 1011 11202 13 1943
2274924 217 10591 793 1296
2274924 934 8700 310 853
2274924 79 10609 495 1224
2274924 1011 11202 13 1943
2274924 217 10591 793 1296
2276969 698 9565 2066 142
2279138 1634 9458 601 1724
2279138 334 8746 325 899
2279138 1171 9611 290 3608
2279138 1634 9458 601 1724
2279138 334 8746 325 899
2279138 1171 9611 290 3608
2279138 1634 9458 601 1724
2279138 334 8746 325 899
2279138 1171 9611 290 3608
2280984 1519 9729 197 1262
2280984 2130 10681 111 1682
2280984 1519 9729 197 1262
2280984 2130 10681 111 1682
2283573 332 12305 906 2020
2286490 1000 10977 1296 717
2286490 911 9914 1021 187
2286490 1000 10977 1296 717
2286490 911 9914 1021 187
2287716 1151 9213 2648 1850
2289801 1537 8006 2111 2148
2292599 653 8573 456 1110
2293965 721 9907 50 188
2296299 703 10640 643 170
2297744 913 10068 748 1803
2298986 307 10459 959 403
2298986 479 10753 1270 720
2298986 307 10459 959 403
2298986 479 10753 1270 720
2300429 268 8676 630 2319
2300429 95 11661 1789 979
2300429 995 10062 438 1605
2300429 103 8271 208 1840
2300429 1513 13843 149 419
2300429 268 8676 630 2319
2300429 95 11661 1789 979
2300429 995 10062 438 1605
2300429 103 8271 208 1840
2300429 1513 13843 149 419
2300429 268 8676 630 2319
2300429 95 11661 1789 979
2300429 995 10062 438 1605
2300429 103 8271 208 1840
2300429 1513 13843 149 419
2300429 268 8676 630 2319
2300429 95 11661 1789 979
2300429 995 10062 438 1605
2300429 103 8271 208 1840
2300429 1513 13843 149 419
2300429 268 8676 630 2319
2300429 95 11661 1789 979
2300429 995 10062 438 1605
2300429 103 8271 208 1840
2300429 1513 13843 149 419
2303027 2591 11295 989 1
2304408 1946 12177 481 687
2305455 1836 9857 3 422
2305455 292 10252 1694 2242
2305455 1836 9857 3 422
2305455 292 10252 1694 2242
2307283 1839 9952 690 1082
2307283 1350 11110 1275 520
2307283 2261 9778 821 856
2307283 1839 9952 690 1082
2307283 1350 11110 1275 520
2307283 2261 9778 821 856
2307283 1839 9952 690 1082
2307283 1350 11110 1275 520
2307283 2261 9778 821 856
2309503 1287 11475 2095 586
2312004 592 9330 454 1523
2314885 211 9803 1067 689
2314885 1622 9913 25 856
2314885 211 9803 1067 689
2314885 1622 9913 25 856
2316834 2746 11754 825 275
2316834 907 11659 723 297
2316834 101 8592 1865 2329
2316834 726 10224 928 317
2316834 2746 11754 825 275
2316834 907 11659 723 297
2316834 101 8592 1865 2329
2316834 726 10224 928 317
2316834 2746 11754 825 275
2316834 907 11659 723 297
2316834 101 8592 1865 2329
2316834 726 10224 928 317
2316834 2746 11754 825 275
2316834 907 11659 723 297
2316834 101 8592 1865 2329
2316834 726 10224 928 317
2318430 760 9740 12 2690
2321034 1130 9437 1245 94
2323644 291 8922 1469 47
2324898 1624 8170 454 1216
2324898 1303 10102 1422 1482
2324898 831 12564 624 44
2324898 476 11544 202 1461
2324898 366 11583 360 444
2324898 1624 8170 454 1216
2324898 1303 10102 1422 1482
2324898 831 12564 624 44
2324898 476 11544 202 1461
2324898 366 11583 360 444
2324898 1624 8170 454 1216
2324898 1303 10102 1422 1482
2324898 831 12564 624 44
2324898 476 11544 202 1461
2324898 366 11583 360 444
2324898 1624 8170 454 1216
2324898 1303 10102 1422 1482
2324898 831 12564 624 44
2324898 476 11544 202 1461
2324898 366 11583 360 444
2324898 1624 8170 454 1216
2324898 1303 10102 1422 1482
2324898 831 12564 624 44
2324898 476 11544 202 1461
2324898 366 11583 360 444
2326835 2864 8889 950 250
2326835 1303 9488 90 892
2326835 49 9171 904 1139
2326835 872 8978 1035 125
2326835 1867 10848 1469 830
2326835 2864 8889 950 250
2326835 1303 9488 90 892
2326835 49 9171 904 1139
2326835 872 8978 1035 125
2326835 1867 10848 1469 830
2326835 2864 8889 950 250
2326835 1303 9488 90 892
2326835 49 9171 904 1139
2326835 872 8978 1035 125
2326835 1867 10848 1469 830
2326835 2864 8889 950 250
2326835 1303 9488 90 892
2326835 49 9171 904 1139
2326835 872 8978 1035 125
2326835 1867 10848 1469 830
2326835 2864 8889 950 250
2326835 1303 9488 90 892
2326835 49 9171 904 1139
2326835 872 8978 1035 125
2326835 1867 10848 1469 830
2329739 254 9386 1095 679
2331644 885 11709 1324 2264
2333167 1428 9704 771 1123
2334266 407 6451 235 1548
2334266 429 9341 2576 277
2334266 407 6451 235 1548
2334266 429 9341 2576 277
2335876 366 10543 2145 3228
2338447 134 11807 919 1971
2338447 62 10561 118 1857
2338447 488 11453 210 2740
2338447 1228 10206 3161 206
2338447 2487 8987 139 621
2338447 2248 11111 1326 609
2338447 134 11807 919 1971
2338447 62 10561 118 1857
2338447 488 11453 210 2740
2338447 1228 10206 3161 206
2338447 2487 8987 139 621
2338447 2248 11111 1326 609
2338447 134 11807 919 1971
2338447 62 10561 118 1857
2338447 488 11453 210 2740
2338447 1228 10206 3161 206
2338447 2487 8987 139 621
2338447 2248 11111 1326 609
2338447 134 11807 919 1971
2338447 62 10561 118 1857
2338447 488 11453 210 2740
2338447 1228 10206 3161 206
2338447 2487 8987 139 621
2338447 2248 11111 1326 609
2338447 134 11807 919 1971
2338447 62 10561 118 1857
2338447 488 11453 210 2740
2338447 1228 10206 3161 206
2338447 2487 8987 139 621
2338447 2248 11111 1326 609
2338447 134 11807 919 1971
2338447 62 10561 118 1857
2338447 488 11453 210 2740
2338447 1228 10206 3161 206
2338447 2487 8987 139 621
2338447 2248 11111 1326 609
2339806 1088 10084 733 311
2339806 503 11039 13 167
2339806 19 9258 1045 446
2339806 1088 10084 733 311
2339806 503 11039 13 167
2339806 19 9258 1045 446
2339806 1088 10084 733 311
2339806 503 11039 13 167
2339806 19 9258 1045 446
2339806 410 8682 2078 710
2340879 920 9953 20 1440
2340879 961 9352 2084 1298
2340879 920 9953 20 1440
2340879 961 9352 2084 1298
2343849 377 11243 374 767
2345157 1483 8698 928 997
2348078 1649 10660 329 166
2350048 1441 10545 1904 511
2352337 84 10945 1050 1059
2353382 2420 9031 1633 863
2353382 1454 9324 223 1554
2353382 1629 10613 1066 2034
2353382 2420 9031 1633 863
2353382 1454 9324 223 1554
2353382 1629 10613 1066 2034
2353382 2420 9031 1633 863
2353382 1454 9324 223 1554
2353382 1629 10613 1066 2034
2356266 1293 9074 1084 2383
2356266 1283 10189 1647 725
2356266 1293 9074 1084 2383
2356266 1283 10189 1647 725
2358671 1623 10410 843 949
2360161 986 10961 1395 649
2361775 716 11294 865 1486
2364424 3377 12054 494 1989
2364424 2518 9618 568 186
2364424 3377 12054 494 1989
2364424 2518 9618 568 186
2367152 821 8545 2492 938
2369917 1689 9493 1070 1445
2372450 1002 8814 730 300
2374171 1609 11121 165 181
2374171 529 10532 3258 566
2374171 333 10052 3199 393
2374171 76 12259 1170 176
2374171 1609 11121 165 181
2374171 529 10532 3258 566
2374171 333 10052 3199 393
2374171 76 12259 1170 176
2374171 1609 11121 165 181
2374171 529 10532 3258 566
2374171 333 10052 3199 393
2374171 76 12259 1170 176
2374171 1609 11121 165 181
2374171 529 10532 3258 566
2374171 333 10052 3199 393
2374171 76 12259 1170 176
2376390 103 12369 624 1269
2377587 593 8642 2698 646
2380186 1570 10177 1734 283
2381254 55 11294 528 1572
2381254 260 8152 1661 2378
2381254 1191 11751 431 1400
2381254 55 11294 528 1572
2381254 260 8152 1661 2378
2381254 1191 11751 431 1400
2381254 55 11294 528 1572
2381254 260 8152 1661 2378
2381254 1191 11751 431 1400
2383737 1323 11322 536 1107
2384864 542 12130 588 70
2386655 1079 11461 1719 514
2386655 152 10365 462 1442
2386655 196 9170 1707 1125
2386655 1079 11461 1719 514
2386655 152 10365 462 1442
2386655 196 9170 1707 1125
2386655 1079 11461 1719 514
2386655 152 10365 462 1442
2386655 196 9170 1707 1125
2388617 450 11458 1091 534
2390409 326 9212 1305 28
2391478 653 9600 1559 1792
2393208 1920 9461 213 1012
2393208 2129 10438 86 2119
2393208 1920 9461 213 1012
2393208 2129 10438 86 2119
2395303 965 9900 70 1984
2397905 1745 10627 362 51
2399897 52 9372 626 157
2399897 856 10794 484 426
2399897 166 9507 803 914
2399897 1043 8433 708 364
2399897 227 10190 1829 666
2399897 52 9372 626 157
2399897 856 10794 484 426
2399897 166 9507 803 914
2399897 1043 8433 708 364
2399897 227 10190 1829 666
2399897 52 9372 626 157
2399897 856 10794 484 426
2399897 166 9507 803 914
2399897 1043 8433 708 364
2399897 227 10190 1829 666
2399897 52 9372 626 157
2399897 856 10794 484 426
2399897 166 9507 803 914
2399897 1043 8433 708 364
2399897 227 10190 1829 666
2399897 52 9372 626 157
2399897 856 10794 484 426
2399897 166 9507 803 914
2399897 1043 8433 708 364
2399897 227 10190 1829 666
2401074 405 8413 166 1078
2403702 1201 10253 793 2622
2403702 1868 10027 1033 788
2405898 746 10916 1587 181
2408332 29 8413 715 22
2409697 701 12981 282 1994
2409697 955 8799 2707 672
2409697 456 12016 427 44
2409697 495 10587 1010 2350
2409697 1249 10996 328 467
2409697 701 12981 282 1994
2409697 955 8799 2707 672
2409697 456 12016 427 44
2409697 495 10587 1010 2350
2409697 1249 10996 328 467
2409697 701 12981 282 1994
2409697 955 8799 2707 672
2409697 456 12016 427 44
2409697 495 10587 1010 2350
2409697 1249 10996 328 467
2409697 701 12981 282 1994
2409697 955 8799 2707 672
2409697 456 12016 427 44
2409697 495 10587 1010 2350
2409697 1249 10996 328 467
2409697 701 12981 282 1994
2409697 955 8799 2707 672
2409697 456 12016 427 44
2409697 495 10587 1010 2350
2409697 1249 10996 328 467
2411042 549 8720 106 1173
2412178 2066 9340 856 1302
2414140 1380 11232 306 312
2414140 1115 9891 1046 88
2414140 2186 9976 1051 1116
2414140 1702 9581 534 453
2414140 2087 9288 161 964
2414140 1380 11232 306 312
2414140 1115 9891 1046 88
2414140 2186 9976 1051 1116
2414140 1702 9581 534 453
2414140 2087 9288 161 964
2414140 1380 11232 306 312
2414140 1115 9891 1046 88
2414140 2186 9976 1051 1116
2414140 1702 9581 534 453
2414140 2087 9288 161 964
2414140 1380 11232 306 312
2414140 1115 9891 1046 88
2414140 2186 9976 1051 1116
2414140 1702 9581 534 453
2414140 2087 9288 161 964
2414140 1380 11232 306 312
2414140 1115 9891 1046 88
2414140 2186 9976 1051 1116
2414140 1702 9581 534 453
2414140 2087 9288 161 964
2416333 1958 9492 909 1552
2419319 450 9962 1492 1022
2420334 1662 11969 980 741
2420334 548 9099 1052 847
2420334 483 11639 2110 1505
2420334 1123 9978 273 2996
2420334 1662 11969 980 741
2420334 548 9099 1052 847
2420334 483 11639 2110 1505
2420334 1123 9978 273 2996
2420334 1662 11969 980 741
2420334 548 9099 1052 847
2420334 483 11639 2110 1505
2420334 1123 9978 273 2996
2420334 1662 11969 980 741
2420334 548 9099 1052 847
2420334 483 11639 2110 1505
2420334 1123 9978 273 2996
2422191 2034 8499 1618 1308
2423201 697 10066 218 259
2423201 1466 10990 115 636
2423201 697 10066 218 259
2423201 1466 10990 115 636
2424753 872 7589 1023 553
2424753 199 7231 43 742
2424753 872 7589 1023 553
2424753 199 7231 43 742
2426229 442 10297 237 573
2426229 1494 9584 263 2154
2426229 442 10297 237 573
2426229 1494 9584 263 2154
2428192 236 11521 151 1326
2429291 671 7551 1458 1063
2429291 872 10410 1297 1177
2429291 671 7551 1458 1063
2429291 872 10410 1297 1177
2431785 1132 9940 111 599
2431785 1206 8020 945 807
2431785 1132 9940 111 599
2431785 1206 8020 945 807
2434053 1541 9360 1222 734
2434053 552 8231 1321 1886
2434053 177 9001 181 429
2434053 545 7086 760 338
2434053 1541 9360 1222 734
2434053 552 8231 1321 1886
2434053 177 9001 181 429
2434053 545 7086 760 338
2434053 1541 9360 1222 734
2434053 552 8231 1321 1886
2434053 177 9001 181 429
2434053 545 7086 760 338
2434053 1541 9360 1222 734
2434053 552 8231 1321 1886
2434053 177 9001 181 429
2434053 545 7086 760 338
2436389 1874 8811 3290 2714
2436389 238 10693 509 1990
2436389 3272 12170 1099 1758
2436389 1917 8277 279 319
2436389 452 10388 768 1017
2436389 638 10949 3237 341
2436389 1874 8811 3290 2714
2436389 238 10693 509 1990
2436389 3272 12170 1099 1758
2436389 1917 8277 279 319
2436389 452 10388 768 1017
2436389 638 10949 3237 341
2436389 1874 8811 3290 2714
2436389 238 10693 509 1990
2436389 3272 12170 1099 1758
2436389 1917 8277 279 319
2436389 452 10388 768 1017
2436389 638 10949 3237 341
2436389 1874 8811 3290 2714
2436389 238 10693 509 1990
2436389 3272 12170 1099 1758
2436389 1917 8277 279 319
2436389 452 10388 768 1017
2436389 638 10949 3237 341
2436389 1874 8811 3290 2714
2436389 238 10693 509 1990
2436389 3272 12170 1099 1758
2436389 1917 8277 279 319
2436389 452 10388 768 1017
2436389 638 10949 3237 341
2436389 1874 8811 3290 2714
2436389 238 10693 509 1990
2436389 3272 12170 1099 1758
2436389 1917 8277 279 319
2436389 452 10388 768 1017
2436389 638 10949 3237 341
2437531 1587 8572 297 2349
2437531 1676 10447 698 705
2437531 2629 8886 262 522
2437531 642 8416 1468 953
2437531 2123 10785 503 16
2437531 349 9285 506 969
2437531 1587 8572 297 2349
2437531 1676 10447 698 705
2437531 2629 8886 262 522
2437531 642 8416 1468 953
2437531 2123 10785 503 16
2437531 349 9285 506 969
2437531 1587 8572 297 2349
2437531 1676 10447 698 705
2437531 2629 8886 262 522
2437531 642 8416 1468 953
2437531 2123 10785 503 16
2437531 349 9285 506 969
2437531 1587 8572 297 2349
2437531 1676 10447 698 705
2437531 2629 8886 262 522
2437531 642 8416 1468 953
2437531 2123 10785 503 16
2437531 349 9285 506 969
2437531 1587 8572 297 2349
2437531 1676 10447 698 705
2437531 2629 8886 262 522
2437531 642 8416 1468 953
2437531 2123 10785 503 16
2437531 349 9285 506 969
2437531 1587 8572 297 2349
2437531 1676 10447 698 705
2437531 2629 8886 262 522
2437531 642 8416 1468 953
2437531 2123 10785 503 16
2437531 349 9285 506 969
2439157 1937 10685 2073 302
2439157 604 10317 693 448
2440196 312 11359 489 576
2440196 2149 9298 275 111
2440196 312 11359 489 576
2440196 2149 9298 275 111
2443098 709 11602 1196 710
2445284 406 11635 1905 228
2445284 787 10753 1760 1595
2445284 406 11635 1905 228
2445284 787 10753 1760 1595
2447087 932 9594 255 243
2447087 419 10797 1470 230
2447087 932 9594 255 243
2447087 419 10797 1470 230
2450046 2397 8838 595 2273
2450046 522 9832 1411 1159
2450046 2397 8838 595 2273
2450046 522 9832 1411 1159
2453007 103 11393 1223 1924
2453007 753 9532 97 806
2453007 866 10251 788 2331
2453007 427 11390 677 308
2453007 103 11393 1223 1924
2453007 753 9532 97 806
2453007 866 10251 788 2331
2453007 427 11390 677 308
2453007 103 11393 1223 1924
2453007 753 9532 97 806
2453007 866 10251 788 2331
2453007 427 11390 677 308
2453007 103 11393 1223 1924
2453007 753 9532 97 806
2453007 866 10251 788 2331
2453007 427 11390 677 308
2454474 297 11501 823 2687
2454474 217 10814 1548 529
2454474 605 9506 244 907
2454474 443 9037 576 190
2454474 234 9924 3111 2035
2454474 297 11501 823 2687
2454474 217 10814 1548 529
2454474 605 9506 244 907
2454474 443 9037 576 190
2454474 234 9924 3111 2035
2454474 297 11501 823 2687
2454474 217 10814 1548 529
2454474 605 9506 244 907
2454474 443 9037 576 190
2454474 234 9924 3111 2035
2454474 297 11501 823 2687
2454474 217 10814 1548 529
2454474 605 9506 244 907
2454474 443 9037 576 190
2454474 234 9924 3111 2035
2454474 297 11501 823 2687
2454474 217 10814 1548 529
2454474 605 9506 244 907
2454474 443 9037 576 190
2454474 234 9924 3111 2035
2457451 764 10231 719 1101
2457451 781 10677 1613 1889
2457451 175 10962 1128 1517
2457451 29 10089 947 1062
2457451 1084 10172 1495 223
2457451 764 10231 719 1101
2457451 781 10677 1613 1889
2457451 175 10962 1128 1517
2457451 29 10089 947 1062
2457451 1084 10172 1495 223
2457451 764 10231 719 1101
2457451 781 10677 1613 1889
2457451 175 10962 1128 1517
2457451 29 10089 947 1062
2457451 1084 10172 1495 223
2457451 764 10231 719 1101
2457451 781 10677 1613 1889
2457451 175 10962 1128 1517
2457451 29 10089 947 1062
2457451 1084 10172 1495 223
2457451 764 10231 719 1101
2457451 781 10677 1613 1889
2457451 175 10962 1128 1517
2457451 29 10089 947 1062
2457451 1084 10172 1495 223
2458620 1988 7822 1302 880
2458620 1636 10921 2485 1374
2458620 1988 7822 1302 880
2458620 1636 10921 2485 1374
2460687 228 10894 59 861
2460687 847 9238 138 1171
2460687 228 10894 59 861
2460687 847 9238 138 1171
2462734 2678 8550 756 58
2462734 106 10173 207 107
2462734 1132 10436 2852 1872
2462734 1012 11228 106 456
2462734 2258 9758 111 1911
2462734 2678 8550 756 58
2462734 106 10173 207 107
2462734 1132 10436 2852 1872
2462734 1012 11228 106 456
2462734 2258 9758 111 1911
2462734 2678 8550 756 58
2462734 106 10173 207 107
2462734 1132 10436 2852 1872
2462734 1012 11228 106 456
2462734 2258 9758 111 1911
2462734 2678 8550 756 58
2462734 106 10173 207 107
2462734 1132 10436 2852 1872
2462734 1012 11228 106 456
2462734 2258 9758 111 1911
2462734 2678 8550 756 58
2462734 106 10173 207 107
2462734 1132 10436 2852 1872
2462734 1012 11228 106 456
2462734 2258 9758 111 1911
2464358 481 9662 1958 1150
2464358 1491 10191 995 82
2464358 481 9662 1958 1150
2464358 1491 10191 995 82
2467051 118 7113 206 2256
2467051 673 10359 2618 1160
2467051 118 7113 206 2256
2467051 673 10359 2618 1160
2469416 83 8690 116 1149
2469416 1570 7919 1464 1370
2469416 83 8690 116 1149
2469416 1570 7919 1464 1370
2471793 246 10955 514 710
2473667 412 9998 527 974
2475988 208 9943 1121 1047
2477690 1417 10815 75 564
2479452 1857 9920 3460 624
2479452 474 10114 1896 1774
2479452 1614 7960 1536 1881
2479452 1857 9920 3460 624
2479452 474 10114 1896 1774
2479452 1614 7960 1536 1881
2479452 1857 9920 3460 624
2479452 474 10114 1896 1774
2479452 1614 7960 1536 1881
2480719 288 8737 349 1544
2480719 672 9784 417 3399
2480719 288 8737 349 1544
2480719 672 9784 417 3399
2483630 1322 10708 986 957
2483630 279 9436 2056 2877
2483630 1322 10708 986 957
2483630 279 9436 2056 2877
2486494 1555 7989 2096 1042
2486494 1140 8441 1503 451
2486494 1555 7989 2096 1042
2486494 1140 8441 1503 451
2488176 269 8403 1096 3012
2490321 837 10579 855 1191
2490321 597 9994 1160 303
2490321 837 10579 855 1191
2490321 597 9994 1160 303
2493222 1041 10544 2042 1208
2493222 844 9268 747 725
2493222 892 14527 158 891
2493222 1890 7880 902 1144
2493222 1041 10544 2042 1208
2493222 844 9268 747 725
2493222 892 14527 158 891
2493222 1890 7880 902 1144
2493222 1041 10544 2042 1208
2493222 844 9268 747 725
2493222 892 14527 158 891
2493222 1890 7880 902 1144
2493222 1041 10544 2042 1208
2493222 844 9268 747 725
2493222 892 14527 158 891
2493222 1890 7880 902 1144
2496092 1988 11761 774 272
2496092 812 8365 516 1835
2496092 1988 11761 774 272
2496092 812 8365 516 1835
2497805 3367 11093 947 942
2497805 812 8877 1488 105
2497805 3367 11093 947 942
2497805 812 8877 1488 105
2499183 601 11661 503 1966
2500269 1252 9584 873 1267
2501410 355 10781 1735 419
2501410 753 9149 1235 2319
2501410 355 10781 1735 419
2501410 753 9149 1235 2319
2503766 408 10921 1466 497
2503766 90 13879 1280 382
2503766 408 10921 1466 497
2503766 90 13879 1280 382
2506466 1434 11038 453 1692
2506466 395 7138 92 136
2506466 803 11326 221 530
2506466 1023 10225 512 227
2506466 822 8918 424 909
2506466 583 9768 233 786
2506466 2175 7382 4147 153
2506466 1434 11038 453 1692
2506466 395 7138 92 136
2506466 803 11326 221 530
2506466 1023 10225 512 227
2506466 822 8918 424 909
2506466 583 9768 233 786
2506466 2175 7382 4147 153
2506466 1434 11038 453 1692
2506466 395 7138 92 136
2506466 803 11326 221 530
2506466 1023 10225 512 227
2506466 822 8918 424 909
2506466 583 9768 233 786
2506466 2175 7382 4147 153
2506466 1434 11038 453 1692
2506466 395 7138 92 136
2506466 803 11326 221 530
2506466 1023 10225 512 227
2506466 822 8918 424 909
2506466 583 9768 233 786
2506466 2175 7382 4147 153
2506466 1434 11038 453 1692
2506466 395 7138 92 136
2506466 803 11326 221 530
2506466 1023 10225 512 227
2506466 822 8918 424 909
2506466 583 9768 233 786
2506466 2175 7382 4147 153
2506466 1434 11038 453 1692
2506466 395 7138 92 136
2506466 803 11326 221 530
2506466 1023 10225 512 227
2506466 822 8918 424 909
2506466 583 9768 233 786
2506466 2175 7382 4147 153
2506466 1434 11038 453 1692
2506466 395 7138 92 136
2506466 803 11326 221 530
2506466 1023 10225 512 227
2506466 822 8918 424 909
2506466 583 9768 233 786
2506466 2175 7382 4147 153
2508773 1070 9650 1087 634
2508773 691 11809 1173 1098
2508773 1070 9650 1087 634
2508773 691 11809 1173 1098
2511615 331 11744 1476 877
2511615 1086 9987 269 687
2511615 331 11744 1476 877
2511615 1086 9987 269 687
2512829 1408 7670 1525 2164
2512829 1151 10308 464 2153
2512829 1408 7670 1525 2164
2512829 1151 10308 464 2153
2514657 1736 10206 82 815
2514657 738 13050 750 1404
2514657 1736 10206 82 815
2514657 738 13050 750 1404
2517374 12 9225 155 1456
2519444 478 11096 1297 550
2521234 1058 9218 509 633
2523641 1559 9489 941 505
2526588 152 11608 947 1588
2529398 880 12379 766 725
2529398 983 7284 1086 276
2529398 210 9374 1279 76
2529398 2442 9953 471 949
2529398 880 12379 766 725
2529398 983 7284 1086 276
2529398 210 9374 1279 76
2529398 2442 9953 471 949
2529398 880 12379 766 725
2529398 983 7284 1086 276
2529398 210 9374 1279 76
2529398 2442 9953 471 949
2529398 880 12379 766 725
2529398 983 7284 1086 276
2529398 210 9374 1279 76
2529398 2442 9953 471 949
2531811 608 9254 966 423
2533685 603 11401 1470 287
2533685 999 8634 410 793
2533685 265 10141 1278 13
2533685 603 11401 1470 287
2533685 999 8634 410 793
2533685 265 10141 1278 13
2533685 603 11401 1470 287
2533685 999 8634 410 793
2533685 265 10141 1278 13
2534994 2406 11622 1240 575
2534994 1874 9932 2 2649
2534994 2406 11622 1240 575
2534994 1874 9932 2 2649
2537776 596 11035 3963 1478
2537776 795 9035 973 757
2538977 1211 9950 755 1394
2538977 496 9963 1351 257
2538977 77 9254 308 1715
2538977 1211 9950 755 1394
2538977 496 9963 1351 257
2538977 77 9254 308 1715
2538977 1211 9950 755 1394
2538977 496 9963 1351 257
2538977 77 9254 308 1715
2540381 2922 9849 1446 991
2540381 675 9718 651 374
2540381 2922 9849 1446 991
2540381 675 9718 651 374
2542026 1465 9491 235 96
2542026 2578 8115 819 1398
2542026 298 9706 173 1749
2542026 613 11613 1606 1268
2542026 1465 9491 235 96
2542026 2578 8115 819 1398
2542026 298 9706 173 1749
2542026 613 11613 1606 1268
2542026 1465 9491 235 96
2542026 2578 8115 819 1398
2542026 298 9706 173 1749
2542026 613 11613 1606 1268
2542026 1465 9491 235 96
2542026 2578 8115 819 1398
2542026 298 9706 173 1749
2542026 613 11613 1606 1268
2543559 42 9072 377 405
2543559 1270 8974 830 705
2543559 1357 10094 202 644
2543559 1367 10429 2779 2161
2543559 1749 9971 961 857
2543559 473 10133 762 512
2543559 42 9072 377 405
2543559 1270 8974 830 705
2543559 1357 10094 202 644
2543559 1367 10429 2779 2161
2543559 1749 9971 961 857
2543559 473 10133 762 512
2543559 42 9072 377 405
2543559 1270 8974 830 705
2543559 1357 10094 202 644
2543559 1367 10429 2779 2161
2543559 1749 9971 961 857
2543559 473 10133 762 512
2543559 42 9072 377 405
2543559 1270 8974 830 705
2543559 1357 10094 202 644
2543559 1367 10429 2779 2161
2543559 1749 9971 961 857
2543559 473 10133 762 512
2543559 42 9072 377 405
2543559 1270 8974 830 705
2543559 1357 10094 202 644
2543559 1367 10429 2779 2161
2543559 1749 9971 961 857
2543559 473 10133 762 512
2543559 42 9072 377 405
2543559 1270 8974 830 705
2543559 1357 10094 202 644
2543559 1367 10429 2779 2161
2543559 1749 9971 961 857
2543559 473 10133 762 512
2544822 382 8889 611 1373
2544822 1671 9306 1918 1819
2544822 382 8889 611 1373
2544822 1671 9306 1918 1819
2546997 1522 11169 2434 2278
2546997 1405 9498 1243 965
2546997 1522 11169 2434 2278
2546997 1405 9498 1243 965
2548255 201 10571 1426 561
2551149 710 8280 1386 272
2553343 539 11456 459 1134
2555462 300 9041 525 1237
2555462 752 10865 317 184
2555462 371 10357 1975 2102
2555462 300 9041 525 1237
2555462 752 10865 317 184
2555462 371 10357 1975 2102
2555462 300 9041 525 1237
2555462 752 10865 317 184
2555462 371 10357 1975 2102
2557286 31 10200 2483 329
2558750 346 11238 1165 61
2560114 415 11987 478 577
2562404 2410 9808 526 994
2562404 1118 10843 1506 127
2562404 433 10185 1688 807
2562404 2410 9808 526 994
2562404 1118 10843 1506 127
2562404 433 10185 1688 807
2562404 2410 9808 526 994
2562404 1118 10843 1506 127
2562404 433 10185 1688 807
2565238 275 11020 1321 374
2567748 2423 10400 690 1832
2569209 1925 10294 1346 1491
2571778 166 9830 241 541
2574763 1048 8782 231 986
2577696 723 9361 695 172
2577696 174 10367 793 1638
2577696 723 9361 695 172
2577696 174 10367 793 1638
2580035 550 8974 267 117
2581814 728 8914 1131 1865
2583124 1160 10353 1187 2458
2584527 115 11086 277 8
2586067 472 10162 555 946
2586067 1130 12761 2334 557
2586067 454 12093 811 874
2586067 472 10162 555 946
2586067 1130 12761 2334 557
2586067 454 12093 811 874
2586067 472 10162 555 946
2586067 1130 12761 2334 557
2586067 454 12093 811 874
2588260 2164 9787 290 279
2589678 1383 9985 858 2365
2590944 367 9817 2469 562
2590944 1596 10993 1807 1906
2590944 367 9817 2469 562
2590944 1596 10993 1807 1906
2590944 1384 10292 262 1045
2590944 1681 9604 75 649
2590944 1384 10292 262 1045
2590944 1681 9604 75 649
2592215 1645 10041 1597 546
2592215 1111 11669 990 274
2592215 1645 10041 1597 546
2592215 1111 11669 990 274
2594724 2426 10645 131 613
2596961 3350 7897 170 351
2599085 393 9872 967 752
2601618 2194 9241 30 1362
2601618 124 11122 2215 417
2601618 421 8111 2290 524
2601618 652 8299 1121 190
2601618 199 9348 275 539
2601618 534 9380 2686 1818
2601618 2194 9241 30 1362
2601618 124 11122 2215 417
2601618 421 8111 2290 524
2601618 652 8299 1121 190
2601618 199 9348 275 539
2601618 534 9380 2686 1818
2601618 2194 9241 30 1362
2601618 124 11122 2215 417
2601618 421 8111 2290 524
2601618 652 8299 1121 190
2601618 199 9348 275 539
2601618 534 9380 2686 1818
2601618 2194 9241 30 1362
2601618 124 11122 2215 417
2601618 421 8111 2290 524
2601618 652 8299 1121 190
2601618 199 9348 275 539
2601618 534 9380 2686 1818
2601618 2194 9241 30 1362
2601618 124 11122 2215 417
2601618 421 8111 2290 524
2601618 652 8299 1121 190
2601618 199 9348 275 539
2601618 534 9380 2686 1818
2601618 2194 9241 30 1362
2601618 124 11122 2215 417
2601618 421 8111 2290 524
2601618 652 8299 1121 190
2601618 199 9348 275 539
2601618 534 9380 2686 1818
2604334 2093 11521 1664 160
2604334 2329 10782 1668 49
2604334 974 9675 722 669
2604334 735 10612 2351 1580
2604334 2093 11521 1664 160
2604334 2329 10782 1668 49
2604334 974 9675 722 669
2604334 735 10612 2351 1580
2604334 2093 11521 1664 160
2604334 2329 10782 1668 49
2604334 974 9675 722 669
2604334 735 10612 2351 1580
2604334 2093 11521 1664 160
2604334 2329 10782 1668 49
2604334 974 9675 722 669
2604334 735 10612 2351 1580
2605887 406 8011 578 69
2605887 382 10379 528 2052
2605887 920 9059 1621 51
2605887 406 8011 578 69
2605887 382 10379 528 2052
2605887 920 9059 1621 51
2605887 406 8011 578 69
2605887 382 10379 528 2052
2605887 920 9059 1621 51
2608771 943 8814 809 346
2610447 633 8839 1141 1513
2610447 1203 10742 1081 911
2610447 633 8839 1141 1513
2610447 1203 10742 1081 911
2612206 1310 10568 778 100
2613417 3410 12428 858 913
2614820 1489 10081 551 636
2614820 766 9965 458 1052
2614820 2015 10849 377 1026
2614820 1367 11354 823 651
2614820 1489 10081 551 636
2614820 766 9965 458 1052
2614820 2015 10849 377 1026
2614820 1367 11354 823 651
2614820 1489 10081 551 636
2614820 766 9965 458 1052
2614820 2015 10849 377 1026
2614820 1367 11354 823 651
2614820 1489 10081 551 636
2614820 766 9965 458 1052
2614820 2015 10849 377 1026
2614820 1367 11354 823 651
2616678 596 10082 1979 941
2619522 137 10544 2528 1079
2620932 932 8998 1648 497
2622139 315 9784 973 392
2622139 404 9909 205 401
2622139 1332 10480 931 1143
2622139 2365 11677 380 969
2622139 315 9784 973 392
2622139 404 9909 205 401
2622139 1332 10480 931 1143
2622139 2365 11677 380 969
2622139 315 9784 973 392
2622139 404 9909 205 401
2622139 1332 10480 931 1143
2622139 2365 11677 380 969
2622139 315 9784 973 392
2622139 404 9909 205 401
2622139 1332 10480 931 1143
2622139 2365 11677 380 969
2624400 1020 9959 397 622
2624400 1895 9421 858 508
2624400 21 9858 162 1356
2624400 2569 7410 1482 1828
2624400 1111 9081 1136 680
2624400 1020 9959 397 622
2624400 1895 9421 858 508
2624400 21 9858 162 1356
2624400 2569 7410 1482 1828
2624400 1111 9081 1136 680
2624400 1020 9959 397 622
2624400 1895 9421 858 508
2624400 21 9858 162 1356
2624400 2569 7410 1482 1828
2624400 1111 9081 1136 680
2624400 1020 9959 397 622
2624400 1895 9421 858 508
2624400 21 9858 162 1356
2624400 2569 7410 1482 1828
2624400 1111 9081 1136 680
2624400 1020 9959 397 622
2624400 1895 9421 858 508
2624400 21 9858 162 1356
2624400 2569 7410 1482 1828
2624400 1111 9081 1136 680
2626617 871 9617 687 251
2626617 591 9926 755 183
2626617 3061 10889 1826 801
2626617 871 9617 687 251
2626617 591 9926 755 183
2626617 3061 10889 1826 801
2626617 871 9617 687 251
2626617 591 9926 755 183
2626617 3061 10889 1826 801
2629579 309 10455 420 480
2632420 602 10402 1091 183
2635024 153 11134 1933 155
2635024 1259 8661 64 548
2635024 153 11134 1933 155
2635024 1259 8661 64 548
2637734 871 9915 393 215
2637734 213 10573 472 1164
2637734 871 9915 393 215
2637734 213 10573 472 1164
2640380 336 9261 575 1054
2643095 903 9576 374 290
2645112 2220 12590 65 241
2647027 2159 11154 2092 1513
2647027 1218 10925 384 208
2647027 2159 11154 2092 1513
2647027 1218 10925 384 208
2648593 128 12734 315 582
2648593 1893 10667 1969 1461
2648593 128 12734 315 582
2648593 1893 10667 1969 1461
2650944 115 10889 580 1264
2652605 989 7347 1003 1673
2652605 2382 9945 58 646
2652605 989 7347 1003 1673
2652605 2382 9945 58 646
2654338 129 11089 729 574
2657089 601 9907 680 4062
2657089 30 9542 917 622
2657089 601 9907 680 4062
2657089 30 9542 917 622
2658631 1322 9835 196 191
2660393 627 11118 596 695
2661572 613 9398 391 179
2664030 848 9038 709 279
2664030 2138 9328 1060 562
2664030 487 8565 997 949
2664030 850 8976 2411 1649
2664030 198 9126 760 393
2664030 605 10463 220 368
2664030 2542 9443 305 141
2664030 890 9297 1657 2365
2664030 848 9038 709 279
2664030 2138 9328 1060 562
2664030 487 8565 997 949
2664030 850 8976 2411 1649
2664030 198 9126 760 393
2664030 605 10463 220 368
2664030 2542 9443 305 141
2664030 890 9297 1657 2365
2664030 848 9038 709 279
2664030 2138 9328 1060 562
2664030 487 8565 997 949
2664030 850 8976 2411 1649
2664030 198 9126 760 393
2664030 605 10463 220 368
2664030 2542 9443 305 141
2664030 890 9297 1657 2365
2664030 848 9038 709 279
2664030 2138 9328 1060 562
2664030 487 8565 997 949
2664030 850 8976 2411 1649
2664030 198 9126 760 393
2664030 605 10463 220 368
2664030 2542 9443 305 141
2664030 890 9297 1657 2365
2664030 848 9038 709 279
2664030 2138 9328 1060 562
2664030 487 8565 997 949
2664030 850 8976 2411 1649
2664030 198 9126 760 393
2664030 605 10463 220 368
2664030 2542 9443 305 141
2664030 890 9297 1657 2365
2664030 848 9038 709 279
2664030 2138 9328 1060 562
2664030 487 8565 997 949
2664030 850 8976 2411 1649
2664030 198 9126 760 393
2664030 605 10463 220 368
2664030 2542 9443 305 141
2664030 890 9297 1657 2365
2664030 848 9038 709 279
2664030 2138 9328 1060 562
2664030 487 8565 997 949
2664030 850 8976 2411 1649
2664030 198 9126 760 393
2664030 605 10463 220 368
2664030 2542 9443 305 141
2664030 890 9297 1657 2365
2664030 848 9038 709 279
2664030 2138 9328 1060 562
2664030 487 8565 997 949
2664030 850 8976 2411 1649
2664030 198 9126 760 393
2664030 605 10463 220 368
2664030 2542 9443 305 141
2664030 890 9297 1657 2365
2665435 930 9676 1109 197
2667317 216 10313 2606 2167
2669210 818 11234 357 457
2669210 90 10869 375 522
2669210 818 11234 357 457
2669210 90 10869 375 522
2671811 1145 9420 592 724
2671811 1022 9719 37 1358
2671811 912 9644 2133 323
2671811 1687 8766 531 442
2671811 1145 9420 592 724
2671811 1022 9719 37 1358
2671811 912 9644 2133 323
2671811 1687 8766 531 442
2671811 1145 9420 592 724
2671811 1022 9719 37 1358
2671811 912 9644 2133 323
2671811 1687 8766 531 442
2671811 1145 9420 592 724
2671811 1022 9719 37 1358
2671811 912 9644 2133 323
2671811 1687 8766 531 442
2673866 302 10483 334 149
2673866 1230 9379 111 1037
2673866 302 10483 334 149
2673866 1230 9379 111 1037
2676841 815 9888 563 940
2676841 2439 8282 1370 1198
2676841 356 10515 519 1998
2676841 815 9888 563 940
2676841 2439 8282 1370 1198
2676841 356 10515 519 1998
2676841 815 9888 563 940
2676841 2439 8282 1370 1198
2676841 356 10515 519 1998
2678073 538 7920 2165 1567
2679913 393 11399 855 442
2679913 997 10409 268 853
2679913 393 11399 855 442
2679913 997 10409 268 853
2682044 2566 12274 1041 2455
2682044 150 10207 151 158
2682044 2566 12274 1041 2455
2682044 150 10207 151 158
2683060 587 10630 1201 1675
2684520 60 11051 1685 390
2687438 1134 10806 522 140
2687438 1763 9784 454 411
2687438 1220 10286 529 438
2687438 968 11047 2619 2583
2687438 1134 10806 522 140
2687438 1763 9784 454 411
2687438 1220 10286 529 438
2687438 968 11047 2619 2583
2687438 1134 10806 522 140
2687438 1763 9784 454 411
2687438 1220 10286 529 438
2687438 968 11047 2619 2583
2687438 1134 10806 522 140
2687438 1763 9784 454 411
2687438 1220 10286 529 438
2687438 968 11047 2619 2583
2689884 2123 10341 180 408
2689884 1199 12993 471 1575
2689884 2123 10341 180 408
2689884 1199 12993 471 1575
2691665 1619 8446 681 1159
2691665 1279 9771 1799 255
2691665 643 10576 431 1273
2691665 1619 8446 681 1159
2691665 1279 9771 1799 255
2691665 643 10576 431 1273
2691665 1619 8446 681 1159
2691665 1279 9771 1799 255
2691665 643 10576 431 1273
2693780 276 9924 1114 2157
2696437 795 10838 1187 1246
2699319 45 9753 1841 144
2701365 1777 9149 825 763
2701365 429 11521 643 202
2701365 130 10696 497 76
2701365 748 7857 95 1360
2701365 1777 9149 825 763
2701365 429 11521 643 202
2701365 130 10696 497 76
2701365 748 7857 95 1360
2701365 1777 9149 825 763
2701365 429 11521 643 202
2701365 130 10696 497 76
2701365 748 7857 95 1360
2701365 1777 9149 825 763
2701365 429 11521 643 202
2701365 130 10696 497 76
2701365 748 7857 95 1360
2704238 159 11087 368 172
2707209 320 11761 1080 754
2707209 135 9884 2042 1443
2707209 1673 11802 1274 198
2707209 320 11761 1080 754
2707209 135 9884 2042 1443
2707209 1673 11802 1274 198
2707209 320 11761 1080 754
2707209 135 9884 2042 1443
2707209 1673 11802 1274 198
2709225 267 9478 676 1116
2710902 457 11792 526 303
2710902 1226 8442 2197 291
2710902 1163 10534 304 842
2710902 457 11792 526 303
2710902 1226 8442 2197 291
2710902 1163 10534 304 842
2710902 457 11792 526 303
2710902 1226 8442 2197 291
2710902 1163 10534 304 842
2712348 685 7979 827 1086
2715182 1092 8825 179 47
2715182 991 10878 696 232
2715182 1092 8825 179 47
2715182 991 10878 696 232
2717971 1025 9372 1076 660
2717971 1281 11039 1929 783
2717971 1025 9372 1076 660
2717971 1281 11039 1929 783
2719096 1198 9068 565 1055
2719096 387 11245 1928 732
2719096 1198 9068 565 1055
2719096 387 11245 1928 732
2720713 989 9141 1096 319
2720713 2376 9724 559 37
2720713 527 8812 1275 445
2720713 2062 8992 215 1806
2720713 989 9141 1096 319
2720713 2376 9724 559 37
2720713 527 8812 1275 445
2720713 2062 8992 215 1806
2720713 989 9141 1096 319
2720713 2376 9724 559 37
2720713 527 8812 1275 445
2720713 2062 8992 215 1806
2720713 989 9141 1096 319
2720713 2376 9724 559 37
2720713 527 8812 1275 445
2720713 2062 8992 215 1806
2722721 196 9799 185 749
2724177 1837 10556 1349 159
2725372 1123 9417 693 753
2725372 807 10753 1069 61
2725372 1123 9417 693 753
2725372 807 10753 1069 61
2726694 442 10192 367 1484
2726694 335 7883 1134 657
2726694 442 10192 367 1484
2726694 335 7883 1134 657
2728910 1464 7894 192 496
2728910 405 10617 2203 1035
2728910 1527 10436 187 776
2728910 1960 8931 317 1695
2728910 1464 7894 192 496
2728910 405 10617 2203 1035
2728910 1527 10436 187 776
2728910 1960 8931 317 1695
2728910 1464 7894 192 496
2728910 405 10617 2203 1035
2728910 1527 10436 187 776
2728910 1960 8931 317 1695
2728910 1464 7894 192 496
2728910 405 10617 2203 1035
2728910 1527 10436 187 776
2728910 1960 8931 317 1695
2730493 1413 9034 732 428
2733051 134 11134 590 404
2733051 1804 8574 273 257
2733051 170 12286 1006 1078
2733051 401 10416 1839 385
2733051 134 11134 590 404
2733051 1804 8574 273 257
2733051 170 12286 1006 1078
2733051 401 10416 1839 385
2733051 134 11134 590 404
2733051 1804 8574 273 257
2733051 170 12286 1006 1078
2733051 401 10416 1839 385
2733051 134 11134 590 404
2733051 1804 8574 273 257
2733051 170 12286 1006 1078
2733051 401 10416 1839 385
2734721 1934 11023 210 698
2737083 293 11512 1775 1699
2737083 75 9710 2834 97
2737083 293 11512 1775 1699
2737083 75 9710 2834 97
2740030 360 10062 55 714
2740030 1540 11837 885 141
2740030 2821 10512 912 832
2740030 360 10062 55 714
2740030 1540 11837 885 141
2740030 2821 10512 912 832
2740030 360 10062 55 714
2740030 1540 11837 885 141
2740030 2821 10512 912 832
2740030 409 11707 1842 335
2740030 860 10674 1257 1199
2740030 100 10529 654 2747
2740030 409 11707 1842 335
2740030 860 10674 1257 1199
2740030 100 10529 654 2747
2740030 409 11707 1842 335
2740030 860 10674 1257 1199
2740030 100 10529 654 2747
2741802 772 7186 183 1459
2741802 571 11995 568 565
2741802 655 10696 396 2045
2741802 772 7186 183 1459
2741802 571 11995 568 565
2741802 655 10696 396 2045
2741802 772 7186 183 1459
2741802 571 11995 568 565
2741802 655 10696 396 2045
2744166 219 10240 207 1939
2744166 58 9266 1535 1689
2744166 219 10240 207 1939
2744166 58 9266 1535 1689
2745508 689 9188 1586 337
2747623 72 9856 126 212
2749354 152 11399 1657 782
2750847 254 9655 2000 347
2752318 1870 9506 2258 932
2752318 1307 7170 1648 105
2752318 1375 9848 1318 1470
2752318 2821 8515 1094 942
2752318 447 11426 1673 983
2752318 1870 9506 2258 932
2752318 1307 7170 1648 105
2752318 1375 9848 1318 1470
2752318 2821 8515 1094 942
2752318 447 11426 1673 983
2752318 1870 9506 2258 932
2752318 1307 7170 1648 105
2752318 1375 9848 1318 1470
2752318 2821 8515 1094 942
2752318 447 11426 1673 983
2752318 1870 9506 2258 932
2752318 1307 7170 1648 105
2752318 1375 9848 1318 1470
2752318 2821 8515 1094 942
2752318 447 11426 1673 983
2752318 1870 9506 2258 932
2752318 1307 7170 1648 105
2752318 1375 9848 1318 1470
2752318 2821 8515 1094 942
2752318 447 11426 1673 983
2754812 16 9690 1373 2748
2754812 742 8684 1430 1107
2754812 1268 8100 1091 1119
2754812 99 10843 332 162
2754812 16 9690 1373 2748
2754812 742 8684 1430 1107
2754812 1268 8100 1091 1119
2754812 99 10843 332 162
2754812 16 9690 1373 2748
2754812 742 8684 1430 1107
2754812 1268 8100 1091 1119
2754812 99 10843 332 162
2754812 16 9690 1373 2748
2754812 742 8684 1430 1107
2754812 1268 8100 1091 1119
2754812 99 10843 332 162
2755977 440 9935 331 2773
2755977 835 9555 1175 1849
2755977 1311 13205 155 545
2755977 2209 8806 627 164
2755977 440 9935 331 2773
2755977 835 9555 1175 1849
2755977 1311 13205 155 545
2755977 2209 8806 627 164
2755977 440 9935 331 2773
2755977 835 9555 1175 1849
2755977 1311 13205 155 545
2755977 2209 8806 627 164
2755977 440 9935 331 2773
2755977 835 9555 1175 1849
2755977 1311 13205 155 545
2755977 2209 8806 627 164
2758380 644 7902 1220 810
2758380 687 8123 233 461
2758380 644 7902 1220 810
2758380 687 8123 233 461
2759965 1577 10912 1040 255
2762942 1975 9435 988 372
2762942 1368 10664 2330 328
2762942 1219 8698 1308 985
2762942 295 8555 687 932
2762942 300 12305 559 1330
2762942 1975 9435 988 372
2762942 1368 10664 2330 328
2762942 1219 8698 1308 985
2762942 295 8555 687 932
2762942 300 12305 559 1330
2762942 1975 9435 988 372
2762942 1368 10664 2330 328
2762942 1219 8698 1308 985
2762942 295 8555 687 932
2762942 300 12305 559 1330
2762942 1975 9435 988 372
2762942 1368 10664 2330 328
2762942 1219 8698 1308 985
2762942 295 8555 687 932
2762942 300 12305 559 1330
2762942 1975 9435 988 372
2762942 1368 10664 2330 328
2762942 1219 8698 1308 985
2762942 295 8555 687 932
2762942 300 12305 559 1330
2764044 284 8721 319 344
2764044 146 9218 50 150
2764044 284 8721 319 344
2764044 146 9218 50 150
2766949 141 10522 381 1588
2768387 657 12672 816 1551
2770245 670 11418 392 166
2770245 2805 11264 2409 519
2770245 670 11418 392 166
2770245 2805 11264 2409 519
2773242 1506 10520 1235 1516
2773242 40 10092 1395 276
2773242 85 9965 2641 1362
2773242 1570 12103 44 693
2773242 1384 9093 842 1414
2773242 1506 10520 1235 1516
2773242 40 10092 1395 276
2773242 85 9965 2641 1362
2773242 1570 12103 44 693
2773242 1384 9093 842 1414
2773242 1506 10520 1235 1516
2773242 40 10092 1395 276
2773242 85 9965 2641 1362
2773242 1570 12103 44 693
2773242 1384 9093 842 1414
2773242 1506 10520 1235 1516
2773242 40 10092 1395 276
2773242 85 9965 2641 1362
2773242 1570 12103 44 693
2773242 1384 9093 842 1414
2773242 1506 10520 1235 1516
2773242 40 10092 1395 276
2773242 85 9965 2641 1362
2773242 1570 12103 44 693
2773242 1384 9093 842 1414
2776217 1719 8102 1213 670
2776217 1924 10207 1063 134
2776217 469 11857 603 246
2776217 1719 8102 1213 670
2776217 1924 10207 1063 134
2776217 469 11857 603 246
2776217 1719 8102 1213 670
2776217 1924 10207 1063 134
2776217 469 11857 603 246
2778270 444 10105 1080 1608
2778270 752 9902 536 655
2778270 531 9647 1796 861
2778270 444 10105 1080 1608
2778270 752 9902 536 655
2778270 531 9647 1796 861
2778270 444 10105 1080 1608
2778270 752 9902 536 655
2778270 531 9647 1796 861
2780967 389 9945 763 1707
2782944 578 8493 256 1743
2785163 2243 10548 673 1048
2786223 456 8284 2100 2425
2786223 1884 11361 1569 202
2786223 421 8598 22 1231
2786223 942 8893 629 1624
2786223 456 8284 2100 2425
2786223 1884 11361 1569 202
2786223 421 8598 22 1231
2786223 942 8893 629 1624
2786223 456 8284 2100 2425
2786223 1884 11361 1569 202
2786223 421 8598 22 1231
2786223 942 8893 629 1624
2786223 456 8284 2100 2425
2786223 1884 11361 1569 202
2786223 421 8598 22 1231
2786223 942 8893 629 1624
2789106 1948 10707 1328 1403
2792036 1456 10685 1509 1002
2792036 109 10835 1682 1000
2792036 1456 10685 1509 1002
2792036 109 10835 1682 1000
2793137 46 10408 894 544
2795894 178 10119 371 377
2797105 250 11473 668 516
2798830 2133 9943 979 1743
2801049 1464 9147 899 684
2802636 1320 10027 357 751
2802636 716 9000 3043 111
2802636 1320 10027 357 751
2802636 716 9000 3043 111
2804516 143 8214 1287 1237
2807484 1909 10396 818 2339
2807484 295 8810 569 1614
2807484 93 8399 861 728
2807484 436 10483 1565 816
2807484 1229 8966 509 668
2807484 1909 10396 818 2339
2807484 295 8810 569 1614
2807484 93 8399 861 728
2807484 436 10483 1565 816
2807484 1229 8966 509 668
2807484 1909 10396 818 2339
2807484 295 8810 569 1614
2807484 93 8399 861 728
2807484 436 10483 1565 816
2807484 1229 8966 509 668
2807484 1909 10396 818 2339
2807484 295 8810 569 1614
2807484 93 8399 861 728
2807484 436 10483 1565 816
2807484 1229 8966 509 668
2807484 1909 10396 818 2339
2807484 295 8810 569 1614
2807484 93 8399 861 728
2807484 436 10483 1565 816
2807484 1229 8966 509 668
2809858 473 8828 503 505
2809858 654 9768 1294 956
2809858 473 8828 503 505
2809858 654 9768 1294 956
2811594 1710 9918 1307 305
2811594 317 10565 207 634
2811594 1093 10172 710 310
2811594 1710 9918 1307 305
2811594 317 10565 207 634
2811594 1093 10172 710 310
2811594 1710 9918 1307 305
2811594 317 10565 207 634
2811594 1093 10172 710 310
2814010 2392 9282 791 195
2814010 1404 9255 229 645
2814010 772 10515 1420 284
2814010 518 10885 474 1171
2814010 2392 9282 791 195
2814010 1404 9255 229 645
2814010 772 10515 1420 284
2814010 518 10885 474 1171
2814010 2392 9282 791 195
2814010 1404 9255 229 645
2814010 772 10515 1420 284
2814010 518 10885 474 1171
2814010 2392 9282 791 195
2814010 1404 9255 229 645
2814010 772 10515 1420 284
2814010 518 10885 474 1171
2816317 59 10722 546 59
2816317 913 10870 999 1747
2816317 1608 10163 749 475
2816317 59 10722 546 59
2816317 913 10870 999 1747
2816317 1608 10163 749 475
2816317 59 10722 546 59
2816317 913 10870 999 1747
2816317 1608 10163 749 475
2818099 833 9676 3364 1686
2820203 106 10252 1484 1595
2821759 571 9945 7 97
2821759 999 8611 1143 475
2821759 571 9945 7 97
2821759 999 8611 1143 475
2824571 673 9837 1972 194
2824571 736 11445 997 1059
2824571 283 10035 1279 10
2824571 673 9837 1972 194
2824571 736 11445 997 1059
2824571 283 10035 1279 10
2824571 673 9837 1972 194
2824571 736 11445 997 1059
2824571 283 10035 1279 10
2826566 77 10782 2122 1120
2828838 723 9479 667 236
2830368 155 11146 567 595
2830368 1043 9681 1765 1438
2830368 2151 9411 1280 1024
2830368 155 11146 567 595
2830368 1043 9681 1765 1438
2830368 2151 9411 1280 1024
2830368 155 11146 567 595
2830368 1043 9681 1765 1438
2830368 2151 9411 1280 1024
2832462 720 10730 49 873
2835439 753 9249 3086 1609
2835439 1219 9989 441 1235
2835439 753 9249 3086 1609
2835439 1219 9989 441 1235
2835439 1669 10819 1348 1575
2835439 147 9163 1880 58
2835439 56 9279 1474 1901
2835439 1669 10819 1348 1575
2835439 147 9163 1880 58
2835439 56 9279 1474 1901
2835439 1669 10819 1348 1575
2835439 147 9163 1880 58
2835439 56 9279 1474 1901
2838156 1831 10854 1323 519
2840097 463 9809 465 309
2842710 1250 11065 549 404
2844140 1554 11869 1843 652
2844140 629 9699 825 1134
2844140 1554 11869 1843 652
2844140 629 9699 825 1134
2846514 724 10179 1113 726
2848348 217 10788 826 207
2850579 1336 10095 792 686
2850579 2257 7597 2120 3988
2850579 1336 10095 792 686
2850579 2257 7597 2120 3988
2852893 384 9805 2 850
2854585 1401 10974 1249 1525
2854585 575 11600 290 175
2854585 1401 10974 1249 1525
2854585 575 11600 290 175
2856672 1384 8685 650 198
2859349 117 9333 875 335
2861493 1521 9650 805 270
2863825 2352 10512 941 512
2866424 1700 11264 2426 1236
2868229 347 11340 202 1012
2868229 304 11811 238 1
2868229 918 11839 698 376
2868229 347 11340 202 1012
2868229 304 11811 238 1
2868229 918 11839 698 376
2868229 347 11340 202 1012
2868229 304 11811 238 1
2868229 918 11839 698 376
2870792 505 9950 841 2098
2870792 763 9152 344 1448
2870792 505 9950 841 2098
2870792 763 9152 344 1448
2872361 1085 10404 430 520
2872361 446 9918 1636 1925
2872361 1085 10404 430 520
2872361 446 9918 1636 1925
2874023 583 8244 1600 460
2875241 1781 10789 222 393
2877940 477 11089 1549 1022
2880647 1684 9531 410 628
2880647 1162 11543 702 2839
2880647 1847 11286 1627 994
2880647 2570 11379 46 494
2880647 155 11375 905 2066
2880647 1684 9531 410 628
2880647 1162 11543 702 2839
2880647 1847 11286 1627 994
2880647 2570 11379 46 494
2880647 155 11375 905 2066
2880647 1684 9531 410 628
2880647 1162 11543 702 2839
2880647 1847 11286 1627 994
2880647 2570 11379 46 494
2880647 155 11375 905 2066
2880647 1684 9531 410 628
2880647 1162 11543 702 2839
2880647 1847 11286 1627 994
2880647 2570 11379 46 494
2880647 155 11375 905 2066
2880647 1684 9531 410 628
2880647 1162 11543 702 2839
2880647 1847 11286 1627 994
2880647 2570 11379 46 494
2880647 155 11375 905 2066
2882614 750 9247 835 502
2882614 1226 11415 1049 2387
2882614 2028 9632 914 103
2882614 750 9247 835 502
2882614 1226 11415 1049 2387
2882614 2028 9632 914 103
2882614 750 9247 835 502
2882614 1226 11415 1049 2387
2882614 2028 9632 914 103
2885006 1912 10009 877 664
2887386 816 7911 1048 1713
2889867 838 8950 1 882
2892794 1294 9441 1022 848
2895021 1806 9038 356 224
2896883 308 11951 87 482
2899776 1701 11972 386 630
2901736 579 9693 1335 447
2901736 544 10116 757 902
2901736 579 9693 1335 447
2901736 544 10116 757 902
2904186 2368 9833 50 218
2904186 1877 9101 1475 2259
2904186 2438 11874 698 38
2904186 2368 9833 50 218
2904186 1877 9101 1475 2259
2904186 2438 11874 698 38
2904186 2368 9833 50 218
2904186 1877 9101 1475 2259
2904186 2438 11874 698 38
2904186 2226 10120 872 507
2905850 176 7158 103 549
2908445 228 11421 408 1126
2908445 1857 7794 289 543
2908445 228 11421 408 1126
2908445 1857 7794 289 543
2909990 1638 11147 488 1018
2911191 560 9969 893 951
2911191 1393 11285 349 697
2911191 560 9969 893 951
2911191 1393 11285 349 697
2913001 1903 10383 1494 1972
2915067 519 10447 103 2279
2917603 58 9907 713 915
2920136 245 7973 901 1020
2920136 1059 7049 998 2084
2920136 245 7973 901 1020
2920136 1059 7049 998 2084
2922730 442 9207 480 667
2923998 1188 9946 66 1974
2925894 1195 9616 689 2491
2925894 690 9817 708 839
2925894 1195 9616 689 2491
2925894 690 9817 708 839
2928140 1710 9542 359 451
2928140 571 10558 655 1165
2928140 1710 9542 359 451
2928140 571 10558 655 1165
2930978 475 7965 78 1672
2930978 0 10131 601 813
2930978 554 9737 76 968
2930978 96 7758 177 1306
2930978 475 7965 78 1672
2930978 0 10131 601 813
2930978 554 9737 76 968
2930978 96 7758 177 1306
2930978 475 7965 78 1672
2930978 0 10131 601 813
2930978 554 9737 76 968
2930978 96 7758 177 1306
2930978 475 7965 78 1672
2930978 0 10131 601 813
2930978 554 9737 76 968
2930978 96 7758 177 1306
2932886 897 9787 843 2010
2935621 477 10803 1935 103
2938432 21 11537 51 163
2940873 1006 9512 709 130
2942411 438 12188 783 187
2945342 2639 11360 458 272
2945342 593 9696 249 88
2945342 391 9056 461 388
2945342 2639 11360 458 272
2945342 593 9696 249 88
2945342 391 9056 461 388
2945342 2639 11360 458 272
2945342 593 9696 249 88
2945342 391 9056 461 388
2948056 370 11499 1530 330
2948056 794 9120 2641 136
2948056 370 11499 1530 330
2948056 794 9120 2641 136
2950711 201 10599 1346 1975
2950711 1568 9593 367 853
2950711 201 10599 1346 1975
2950711 1568 9593 367 853
2953605 816 10627 418 390
2953605 144 11268 27 640
2953605 816 10627 418 390
2953605 144 11268 27 640
2955234 697 12336 709 2241
2955234 575 11827 735 240
2955234 304 9328 657 1451
2955234 1616 8260 2127 128
2955234 697 12336 709 2241
2955234 575 11827 735 240
2955234 304 9328 657 1451
2955234 1616 8260 2127 128
2955234 697 12336 709 2241
2955234 575 11827 735 240
2955234 304 9328 657 1451
2955234 1616 8260 2127 128
2955234 697 12336 709 2241
2955234 575 11827 735 240
2955234 304 9328 657 1451
2955234 1616 8260 2127 128
2957762 1421 9290 1518 655
2960243 1491 9815 1320 278
2962793 321 11022 2150 423
2962793 1536 9409 1421 75
2962793 147 10929 237 55
2962793 241 8171 273 470
2962793 887 10511 264 313
2962793 321 11022 2150 423
2962793 1536 9409 1421 75
2962793 147 10929 237 55
2962793 241 8171 273 470
2962793 887 10511 264 313
2962793 321 11022 2150 423
2962793 1536 9409 1421 75
2962793 147 10929 237 55
2962793 241 8171 273 470
2962793 887 10511 264 313
2962793 321 11022 2150 423
2962793 1536 9409 1421 75
2962793 147 10929 237 55
2962793 241 8171 273 470
2962793 887 10511 264 313
2962793 321 11022 2150 423
2962793 1536 9409 1421 75
2962793 147 10929 237 55
2962793 241 8171 273 470
2962793 887 10511 264 313
2965329 164 11559 1501 598
2965329 833 9285 51 1061
2965329 164 11559 1501 598
2965329 833 9285 51 1061
2967807 170 7778 405 2096
2969590 447 9259 1031 2528
2969590 193 9467 1444 175
2969590 737 9220 646 66
2969590 19 11274 80 424
2969590 147 9373 97 786
2969590 447 9259 1031 2528
2969590 193 9467 1444 175
2969590 737 9220 646 66
2969590 19 11274 80 424
2969590 147 9373 97 786
2969590 447 9259 1031 2528
2969590 193 9467 1444 175
2969590 737 9220 646 66
2969590 19 11274 80 424
2969590 147 9373 97 786
2969590 447 9259 1031 2528
2969590 193 9467 1444 175
2969590 737 9220 646 66
2969590 19 11274 80 424
2969590 147 9373 97 786
2969590 447 9259 1031 2528
2969590 193 9467 1444 175
2969590 737 9220 646 66
2969590 19 11274 80 424
2969590 147 9373 97 786
2971850 125 9326 2758 1373
2971850 1145 10456 2332 136
2971850 330 10795 194 831
2971850 125 9326 2758 1373
2971850 1145 10456 2332 136
2971850 330 10795 194 831
2971850 125 9326 2758 1373
2971850 1145 10456 2332 136
2971850 330 10795 194 831
2973664 1838 9675 1619 1333
2975779 1432 10864 21 777
2977092 884 8825 527 367
2979929 874 8828 1032 148
2982602 379 10158 936 350
2982602 1155 11480 1495 577
2982602 1820 8918 154 1859
2982602 1390 10474 1849 858
2982602 16 9932 1722 1784
2982602 379 10158 936 350
2982602 1155 11480 1495 577
2982602 1820 8918 154 1859
2982602 1390 10474 1849 858
2982602 16 9932 1722 1784
2982602 379 10158 936 350
2982602 1155 11480 1495 577
2982602 1820 8918 154 1859
2982602 1390 10474 1849 858
2982602 16 9932 1722 1784
2982602 379 10158 936 350
2982602 1155 11480 1495 577
2982602 1820 8918 154 1859
2982602 1390 10474 1849 858
2982602 16 9932 1722 1784
2982602 379 10158 936 350
2982602 1155 11480 1495 577
2982602 1820 8918 154 1859
2982602 1390 10474 1849 858
2982602 16 9932 1722 1784
2985172 2719 13290 450 602
2985172 881 9154 239 1341
2985172 2719 13290 450 602
2985172 881 9154 239 1341
2986639 1486 11927 106 1275
2986639 535 9025 329 2760
2986639 71 9845 1389 134
2986639 1491 9077 1249 39
2986639 921 8273 1019 57
2986639 1486 11927 106 1275
2986639 535 9025 329 2760
2986639 71 9845 1389 134
2986639 1491 9077 1249 39
2986639 921 8273 1019 57
2986639 1486 11927 106 1275
2986639 535 9025 329 2760
2986639 71 9845 1389 134
2986639 1491 9077 1249 39
2986639 921 8273 1019 57
2986639 1486 11927 106 1275
2986639 535 9025 329 2760
2986639 71 9845 1389 134
2986639 1491 9077 1249 39
2986639 921 8273 1019 57
2986639 1486 11927 106 1275
2986639 535 9025 329 2760
2986639 71 9845 1389 134
2986639 1491 9077 1249 39
2986639 921 8273 1019 57
2989599 1214 9553 1861 99
2991793 1388 10705 526 1989
2994103 1233 8317 105 881
2994103 390 8783 810 316
2994103 1233 8317 105 881
2994103 390 8783 810 316
2995714 147 9095 719 832
2995714 144 11393 1927 387
2995714 147 9095 719 832
2995714 144 11393 1927 387
2997927 0 8190 164 842
2997927 109 11312 2424 927
2997927 438 9118 486 854
2997927 1463 6675 2748 1016
2997927 0 8190 164 842
2997927 109 11312 2424 927
2997927 438 9118 486 854
2997927 1463 6675 2748 1016
2997927 0 8190 164 842
2997927 109 11312 2424 927
2997927 438 9118 486 854
2997927 1463 6675 2748 1016
2997927 0 8190 164 842
2997927 109 11312 2424 927
2997927 438 9118 486 854
2997927 1463 6675 2748 1016
3000602 810 10780 1593 190
3002164 465 8211 2456 1416
3003296 271 11429 99 439
3003296 961 9273 2136 236
3003296 707 10164 664 1703
3003296 271 11429 99 439
3003296 961 9273 2136 236
3003296 707 10164 664 1703
3003296 271 11429 99 439
3003296 961 9273 2136 236
3003296 707 10164 664 1703
3006225 1115 10187 677 2653
3008280 1660 10320 1795 289
3009974 2015 8951 2029 845
3009974 1461 8018 1407 1094
3009974 2015 8951 2029 845
3009974 1461 8018 1407 1094
3012222 976 9574 1999 453
3014472 1907 9286 222 3177
3015976 1354 9596 862 785
3015976 1721 11438 1039 119
3015976 1354 9596 862 785
3015976 1721 11438 1039 119
3018418 960 9890 1479 2629
3020540 627 11275 123 1790
3023100 657 10180 1157 1789
3023100 724 12005 541 1889
3023100 2270 10592 1910 659
3023100 724 12005 541 1889
3023100 2270 10592 1910 659
3024732 1656 8185 1979 1703
3024732 1022 11868 28 501
3024732 943 9858 2510 686
3024732 174 10085 415 1378
3024732 729 8510 1098 975
3024732 1988 10871 1793 371
3024732 1078 10503 585 182
3024732 1656 8185 1979 1703
3024732 1022 11868 28 501
3024732 943 9858 2510 686
3024732 174 10085 415 1378
3024732 729 8510 1098 975
3024732 1988 10871 1793 371
3024732 1078 10503 585 182
3024732 1656 8185 1979 1703
3024732 1022 11868 28 501
3024732 943 9858 2510 686
3024732 174 10085 415 1378
3024732 729 8510 1098 975
3024732 1988 10871 1793 371
3024732 1078 10503 585 182
3024732 1656 8185 1979 1703
3024732 1022 11868 28 501
3024732 943 9858 2510 686
3024732 174 10085 415 1378
3024732 729 8510 1098 975
3024732 1988 10871 1793 371
3024732 1078 10503 585 182
3024732 1656 8185 1979 1703
3024732 1022 11868 28 501
3024732 943 9858 2510 686
3024732 174 10085 415 1378
3024732 729 8510 1098 975
3024732 1988 10871 1793 371
3024732 1078 10503 585 182
3024732 1656 8185 1979 1703
3024732 1022 11868 28 501
3024732 943 9858 2510 686
3024732 174 10085 415 1378
3024732 729 8510 1098 975
3024732 1988 10871 1793 371
3024732 1078 10503 585 182
3024732 1656 8185 1979 1703
3024732 1022 11868 28 501
3024732 943 9858 2510 686
3024732 174 10085 415 1378
3024732 729 8510 1098 975
3024732 1988 10871 1793 371
3024732 1078 10503 585 182
3026693 1017 8924 1435 1229
3028255 1403 10443 1460 293
3028255 841 10381 545 1690
3028255 1403 10443 1460 293
3028255 841 10381 545 1690
3030596 125 9859 126 962
3032450 1637 9974 668 1136
3034622 219 9485 1138 875
3036631 548 8380 529 1061
3039460 548 9945 639 1056
3039460 521 12039 505 654
3039460 910 10750 85 1431
3039460 548 9945 639 1056
3039460 521 12039 505 654
3039460 910 10750 85 1431
3039460 548 9945 639 1056
3039460 521 12039 505 654
3039460 910 10750 85 1431
3040949 1963 8124 407 662
3043426 1622 8926 860 1509
3043426 351 9103 198 1159
3043426 910 9750 402 2426
3043426 1532 8598 1297 260
3043426 1622 8926 860 1509
3043426 351 9103 198 1159
3043426 910 9750 402 2426
3043426 1532 8598 1297 260
3043426 1622 8926 860 1509
3043426 351 9103 198 1159
3043426 910 9750 402 2426
3043426 1532 8598 1297 260
3043426 1622 8926 860 1509
3043426 351 9103 198 1159
3043426 910 9750 402 2426
3043426 1532 8598 1297 260
3045781 245 10836 602 357
3045781 3086 12784 1030 1711
3045781 1449 11620 942 674
3045781 118 8570 2856 703
3045781 696 10291 665 411
3045781 245 10836 602 357
3045781 3086 12784 1030 1711
3045781 1449 11620 942 674
3045781 118 8570 2856 703
3045781 696 10291 665 411
3045781 245 10836 602 357
3045781 3086 12784 1030 1711
3045781 1449 11620 942 674
3045781 118 8570 2856 703
3045781 696 10291 665 411
3045781 245 10836 602 357
3045781 3086 12784 1030 1711
3045781 1449 11620 942 674
3045781 118 8570 2856 703
3045781 696 10291 665 411
3045781 245 10836 602 357
3045781 3086 12784 1030 1711
3045781 1449 11620 942 674
3045781 118 8570 2856 703
3045781 696 10291 665 411
3046872 1350 9111 962 1546
3046872 599 10678 547 1824
3046872 349 9784 1274 94
3046872 1350 9111 962 1546
3046872 599 10678 547 1824
3046872 349 9784 1274 94
3046872 1350 9111 962 1546
3046872 599 10678 547 1824
3046872 349 9784 1274 94
3049268 2417 9223 225 768
3051159 1413 9407 390 1752
3051159 2117 10704 2428 1259
3051159 1413 9407 390 1752
3051159 2117 10704 2428 1259
3052498 155 8079 1986 146
3052498 23 8699 865 1265
3052498 155 8079 1986 146
3052498 23 8699 865 1265
3054805 286 9352 1396 646
3057388 1835 10452 2410 293
3057388 719 7755 2096 1398
3057388 1835 10452 2410 293
3057388 719 7755 2096 1398
3059576 1548 8836 1607 1571
3059576 637 10797 812 1132
3059576 1548 8836 1607 1571
3059576 637 10797 812 1132
3061834 356 9963 621 29
3063042 40 11282 445 1884
3065601 856 10611 2015 1773
3065601 863 8247 970 315
3065601 856 10611 2015 1773
3065601 863 8247 970 315
3067042 249 11161 118 1723
3067042 102 10096 1969 266
3067042 249 11161 118 1723
3067042 102 10096 1969 266
3070000 523 10659 968 968
3071520 2026 11217 1257 792
3074236 220 10034 567 1757
3074236 1356 12265 1514 228
3074236 1153 10712 729 1959
3074236 220 10034 567 1757
3074236 1356 12265 1514 228
3074236 1153 10712 729 1959
3074236 220 10034 567 1757
3074236 1356 12265 1514 228
3074236 1153 10712 729 1959
3075620 1354 10499 950 966
3075620 514 10370 1277 974
3075620 641 10898 1379 552
3075620 672 10047 1262 1315
3075620 1354 10499 950 966
3075620 514 10370 1277 974
3075620 641 10898 1379 552
3075620 672 10047 1262 1315
3075620 1354 10499 950 966
3075620 514 10370 1277 974
3075620 641 10898 1379 552
3075620 672 10047 1262 1315
3075620 1354 10499 950 966
3075620 514 10370 1277 974
3075620 641 10898 1379 552
3075620 672 10047 1262 1315
3077423 1264 8013 962 399
3080386 2019 10211 323 628
3083170 634 11217 62 1614
3083170 123 8980 104 2028
3083170 1155 9345 136 1869
3083170 844 10864 272 799
3083170 634 11217 62 1614
3083170 123 8980 104 2028
3083170 1155 9345 136 1869
3083170 844 10864 272 799
3083170 634 11217 62 1614
3083170 123 8980 104 2028
3083170 1155 9345 136 1869
3083170 844 10864 272 799
3083170 634 11217 62 1614
3083170 123 8980 104 2028
3083170 1155 9345 136 1869
3083170 844 10864 272 799
3084737 1005 8830 550 552
3084737 641 9392 2795 913
3084737 184 11323 567 347
3084737 1005 8830 550 552
3084737 641 9392 2795 913
3084737 184 11323 567 347
3084737 1005 8830 550 552
3084737 641 9392 2795 913
3084737 184 11323 567 347
3087270 623 9025 167 731
3087270 812 9398 590 2056
3087270 623 9025 167 731
3087270 812 9398 590 2056
3089844 1354 11170 1267 281
3091327 262 9785 793 64
3093885 1577 8768 989 2244
3093885 971 8554 2454 2552
3093885 1581 10239 1498 353
3093885 1577 8768 989 2244
3093885 971 8554 2454 2552
3093885 1581 10239 1498 353
3093885 1577 8768 989 2244
3093885 971 8554 2454 2552
3093885 1581 10239 1498 353
3096088 286 9608 1209 159
3096088 602 10808 757 1585
3096088 286 9608 1209 159
3096088 602 10808 757 1585
3098960 998 10085 2104 375
3098960 1283 11041 33 1190
3098960 213 11796 1073 270
3098960 998 10085 2104 375
3098960 1283 11041 33 1190
3098960 213 11796 1073 270
3098960 998 10085 2104 375
3098960 1283 11041 33 1190
3098960 213 11796 1073 270
3101045 330 9655 880 543
3102245 1373 10824 303 324
3102245 366 8002 2134 1510
3102245 1373 10824 303 324
3102245 366 8002 2134 1510
3104434 359 8642 1643 975
3105942 345 8974 925 1484
3108282 1454 10138 764 482
3108282 48 9673 286 1010
3108282 1454 10138 764 482
3108282 48 9673 286 1010
3109927 782 9880 329 419
3111840 757 10315 460 1608
3111840 243 11053 929 731
3111840 1269 8990 744 2253
3111840 757 10315 460 1608
3111840 243 11053 929 731
3111840 1269 8990 744 2253
3111840 757 10315 460 1608
3111840 243 11053 929 731
3111840 1269 8990 744 2253
3112935 373 7530 469 587
3112935 1956 10410 1748 432
3112935 620 9711 1425 1409
3112935 272 11839 906 405
3112935 373 7530 469 587
3112935 1956 10410 1748 432
3112935 620 9711 1425 1409
3112935 272 11839 906 405
3112935 373 7530 469 587
3112935 1956 10410 1748 432
3112935 620 9711 1425 1409
3112935 272 11839 906 405
3112935 373 7530 469 587
3112935 1956 10410 1748 432
3112935 620 9711 1425 1409
3112935 272 11839 906 405
3115637 726 11882 472 321
3115637 3113 10329 1064 589
3115637 294 10523 2642 1764
3115637 118 10362 768 433
3115637 726 11882 472 321
3115637 3113 10329 1064 589
3115637 294 10523 2642 1764
3115637 118 10362 768 433
3115637 726 11882 472 321
3115637 3113 10329 1064 589
3115637 294 10523 2642 1764
3115637 118 10362 768 433
3115637 726 11882 472 321
3115637 3113 10329 1064 589
3115637 294 10523 2642 1764
3115637 118 10362 768 433
3118123 1800 9096 3049 761
3120534 690 10395 2167 192
3120534 322 9116 493 1851
3120534 690 10395 2167 192
3120534 322 9116 493 1851
3122997 2128 9688 800 1848
3124172 169 9693 2137 530
3124172 2639 9116 205 197
3124172 169 9693 2137 530
3124172 2639 9116 205 197
3126026 107 9726 1860 1475
3126026 249 8037 1243 651
3126026 2163 10165 631 251
3126026 107 9726 1860 1475
3126026 249 8037 1243 651
3126026 2163 10165 631 251
3126026 107 9726 1860 1475
3126026 249 8037 1243 651
3126026 2163 10165 631 251
3128986 865 8906 1315 817
3128986 1226 9568 1183 1898
3128986 585 11619 863 1000
3128986 1069 11254 62 2296
3128986 865 8906 1315 817
3128986 1226 9568 1183 1898
3128986 585 11619 863 1000
3128986 1069 11254 62 2296
3128986 865 8906 1315 817
3128986 1226 9568 1183 1898
3128986 585 11619 863 1000
3128986 1069 11254 62 2296
3128986 865 8906 1315 817
3128986 1226 9568 1183 1898
3128986 585 11619 863 1000
3128986 1069 11254 62 2296
3131521 783 9133 716 503
3134339 0 9411 232 983
3136287 1669 12220 373 353
3136287 1464 10550 1095 848
3136287 1669 12220 373 353
3136287 1464 10550 1095 848
3138008 455 8717 949 631
3138008 1035 11145 2254 66
3138008 455 8717 949 631
3138008 1035 11145 2254 66
3140840 463 9794 2444 657
3140840 458 7774 1454 339
3140840 463 9794 2444 657
3140840 458 7774 1454 339
3142671 353 8661 325 471
3142671 1912 8381 3639 1584
3142671 74 8543 1178 458
3142671 685 8979 1420 213
3142671 353 8661 325 471
3142671 1912 8381 3639 1584
3142671 74 8543 1178 458
3142671 685 8979 1420 213
3142671 353 8661 325 471
3142671 1912 8381 3639 1584
3142671 74 8543 1178 458
3142671 685 8979 1420 213
3142671 353 8661 325 471
3142671 1912 8381 3639 1584
3142671 74 8543 1178 458
3142671 685 8979 1420 213
3143689 140 11958 343 1772
3143689 2235 8327 143 843
3143689 1671 9160 1424 1538
3143689 140 11958 343 1772
3143689 2235 8327 143 843
3143689 1671 9160 1424 1538
3143689 140 11958 343 1772
3143689 2235 8327 143 843
3143689 1671 9160 1424 1538
3145386 1417 9760 25 1134
3147589 2145 9611 3155 1306
3147589 1244 10967 343 390
3147589 2145 9611 3155 1306
3147589 1244 10967 343 390
3149427 1229 9828 1669 530
3149427 1725 9646 439 150
3149427 744 10467 612 470
3149427 1229 9828 1669 530
3149427 1725 9646 439 150
3149427 744 10467 612 470
3149427 1229 9828 1669 530
3149427 1725 9646 439 150
3149427 744 10467 612 470
3151245 303 9469 1137 587
3151245 666 11125 125 516
3151245 303 9469 1137 587
3151245 666 11125 125 516
3152673 475 9022 497 1455
3154120 140 10718 1183 741
3155709 1237 9795 249 96
3155709 154 11210 337 1389
3155709 213 9381 1224 2308
3155709 1237 9795 249 96
3155709 154 11210 337 1389
3155709 213 9381 1224 2308
3155709 1237 9795 249 96
3155709 154 11210 337 1389
3155709 213 9381 1224 2308
3157763 633 10101 0 53
3160657 2277 9284 2452 749
3160657 1351 9311 813 1611
3160657 2277 9284 2452 749
3160657 1351 9311 813 1611
3161899 2184 10011 739 905
3163310 1806 9303 734 527
3165220 714 12043 410 968
3165220 754 9752 102 376
3165220 87 10685 663 1622
3165220 714 12043 410 968
3165220 754 9752 102 376
3165220 87 10685 663 1622
3165220 714 12043 410 968
3165220 754 9752 102 376
3165220 87 10685 663 1622
3167878 488 11351 200 389
3167878 508 11547 844 128
3167878 488 11351 200 389
3167878 508 11547 844 128
3169093 613 8161 373 384
3169093 1940 9391 1919 1135
3169093 613 8161 373 384
3169093 1940 9391 1919 1135
3171625 1052 10744 1274 989
3171625 1069 12207 1715 307
3171625 1052 10744 1274 989
3171625 1069 12207 1715 307
3173014 978 8809 522 516
3174576 300 10974 190 1427
3174576 1156 9467 2523 942
3174576 300 10974 190 1427
3174576 1156 9467 2523 942
3176975 976 10631 536 1065
3178531 610 9887 124 757
3180627 1657 8127 989 544
3182065 87 9992 266 878
3182065 442 8555 965 2254
3182065 87 9992 266 878
3182065 442 8555 965 2254
3183778 566 9960 571 1024
3186630 117 10980 788 1134
3186630 239 11655 163 2253
3186630 117 10980 788 1134
3186630 239 11655 163 2253
3189141 2936 9545 534 465
3189141 404 10888 119 76
3189141 2936 9545 534 465
3189141 404 10888 119 76
3191699 1584 10035 47 748
3193013 1281 11810 1063 2389
3195908 654 10910 593 950
3195908 1307 8828 673 704
3195908 1045 9057 516 2051
3195908 1286 7994 1233 235
3195908 654 10910 593 950
3195908 1307 8828 673 704
3195908 1045 9057 516 2051
3195908 1286 7994 1233 235
3195908 654 10910 593 950
3195908 1307 8828 673 704
3195908 1045 9057 516 2051
3195908 1286 7994 1233 235
3195908 654 10910 593 950
3195908 1307 8828 673 704
3195908 1045 9057 516 2051
3195908 1286 7994 1233 235
3197823 170 10473 30 2514
3197823 1247 9780 793 1756
3197823 149 8007 1277 1435
3197823 170 10473 30 2514
3197823 1247 9780 793 1756
3197823 149 8007 1277 1435
3197823 170 10473 30 2514
3197823 1247 9780 793 1756
3197823 149 8007 1277 1435
3199906 2198 9400 2188 643
3199906 1161 10032 1365 388
3199906 2407 10519 307 1441
3199906 256 8873 529 1845
3199906 2198 9400 2188 643
3199906 1161 10032 1365 388
3199906 2407 10519 307 1441
3199906 256 8873 529 1845
3199906 2198 9400 2188 643
3199906 1161 10032 1365 388
3199906 2407 10519 307 1441
3199906 256 8873 529 1845
3199906 2198 9400 2188 643
3199906 1161 10032 1365 388
3199906 2407 10519 307 1441
3199906 256 8873 529 1845
3201826 1354 10152 345 361
3203851 1828 12976 360 312
3205472 1951 11467 1071 178
3205472 607 10187 1390 2408
3205472 771 11519 495 567
3205472 840 8492 1723 267
3205472 1951 11467 1071 178
3205472 607 10187 1390 2408
3205472 771 11519 495 567
3205472 840 8492 1723 267
3205472 1951 11467 1071 178
3205472 607 10187 1390 2408
3205472 771 11519 495 567
3205472 840 8492 1723 267
3205472 1951 11467 1071 178
3205472 607 10187 1390 2408
3205472 771 11519 495 567
3205472 840 8492 1723 267
3207412 1036 6855 280 12
3209718 2978 12335 515 494
3211433 941 9748 2 2771
3211433 585 9738 558 210
3211433 941 9748 2 2771
3211433 585 9738 558 210
3213540 623 11661 55 436
3213540 451 9042 1004 672
3213540 89 10318 448 2475
3213540 623 11661 55 436
3213540 451 9042 1004 672
3213540 89 10318 448 2475
3213540 623 11661 55 436
3213540 451 9042 1004 672
3213540 89 10318 448 2475
3215266 1255 9399 464 485
3216303 1551 12408 153 186
3219036 1747 9706 911 1022
3219036 3560 12425 194 306
3219036 1747 9706 911 1022
3219036 3560 12425 194 306
3220124 106 10114 312 905
3222259 102 11409 464 149
3222259 68 8909 2034 986
3222259 102 11409 464 149
3222259 68 8909 2034 986
3224164 196 9073 2529 261
3226359 581 9625 685 138
3226359 963 9918 124 679
3228411 356 10685 1197 29
3229557 532 9523 2987 2633
3231597 3555 9776 371 837
3233473 534 8101 589 2233
3233473 469 13430 1857 40
3233473 534 8101 589 2233
3233473 469 13430 1857 40
3235113 406 8452 1173 358
3235113 56 7876 1469 699
3235113 406 8452 1173 358
3235113 56 7876 1469 699
3236119 1279 8401 1007 869
3236119 1081 10259 288 1882
3236119 1691 11460 88 610
3236119 1279 8401 1007 869
3236119 1081 10259 288 1882
3236119 1691 11460 88 610
3236119 1279 8401 1007 869
3236119 1081 10259 288 1882
3236119 1691 11460 88 610
3237404 242 11056 383 505
3237404 319 11598 238 2249
3237404 242 11056 383 505
3237404 319 11598 238 2249
3239743 1561 10418 634 1545
3242040 664 10916 988 402
3242040 814 9999 347 1072
3242040 664 10916 988 402
3242040 814 9999 347 1072
3244117 313 9553 2625 1497
3244117 967 9831 1244 2314
3244117 3145 11136 645 968
3244117 25 9510 203 3524
3244117 405 9511 517 244
3244117 313 9553 2625 1497
3244117 967 9831 1244 2314
3244117 3145 11136 645 968
3244117 25 9510 203 3524
3244117 405 9511 517 244
3244117 313 9553 2625 1497
3244117 967 9831 1244 2314
3244117 3145 11136 645 968
3244117 25 9510 203 3524
3244117 405 9511 517 244
3244117 313 9553 2625 1497
3244117 967 9831 1244 2314
3244117 3145 11136 645 968
3244117 25 9510 203 3524
3244117 405 9511 517 244
3244117 313 9553 2625 1497
3244117 967 9831 1244 2314
3244117 3145 11136 645 968
3244117 25 9510 203 3524
3244117 405 9511 517 244
3246746 858 8788 330 486
3246746 696 7579 595 203
3246746 858 8788 330 486
3246746 696 7579 595 203
3249009 982 8742 1026 165
3249009 1018 9625 1815 913
3249009 982 8742 1026 165
3249009 1018 9625 1815 913
3250751 1611 11007 1431 1087
3253037 568 10734 1033 127
3254998 269 9785 1056 207
3254998 1446 10202 657 1789
3254998 1820 12362 2345 313
3254998 284 7996 90 228
3254998 269 9785 1056 207
3254998 1446 10202 657 1789
3254998 1820 12362 2345 313
3254998 284 7996 90 228
3254998 269 9785 1056 207
3254998 1446 10202 657 1789
3254998 1820 12362 2345 313
3254998 284 7996 90 228
3254998 269 9785 1056 207
3254998 1446 10202 657 1789
3254998 1820 12362 2345 313
3254998 284 7996 90 228
3256352 1199 10379 96 2672
3258099 828 8675 544 1492
3258099 1975 10975 481 1449
3258099 828 8675 544 1492
3258099 1975 10975 481 1449
3260065 1841 10192 1106 1250
3262868 425 9592 2152 1265
3262868 1159 9178 564 2249
3262868 1242 10612 538 1618
3262868 147 9733 963 785
3262868 1076 7544 474 110
3262868 1776 9907 630 935
3262868 579 9540 306 1000
3262868 425 9592 2152 1265
3262868 1159 9178 564 2249
3262868 1242 10612 538 1618
3262868 147 9733 963 785
3262868 1076 7544 474 110
3262868 1776 9907 630 935
3262868 579 9540 306 1000
3262868 425 9592 2152 1265
3262868 1159 9178 564 2249
3262868 1242 10612 538 1618
3262868 147 9733 963 785
3262868 1076 7544 474 110
3262868 1776 9907 630 935
3262868 579 9540 306 1000
3262868 425 9592 2152 1265
3262868 1159 9178 564 2249
3262868 1242 10612 538 1618
3262868 147 9733 963 785
3262868 1076 7544 474 110
3262868 1776 9907 630 935
3262868 579 9540 306 1000
3262868 425 9592 2152 1265
3262868 1159 9178 564 2249
3262868 1242 10612 538 1618
3262868 147 9733 963 785
3262868 1076 7544 474 110
3262868 1776 9907 630 935
3262868 579 9540 306 1000
3262868 425 9592 2152 1265
3262868 1159 9178 564 2249
3262868 1242 10612 538 1618
3262868 147 9733 963 785
3262868 1076 7544 474 110
3262868 1776 9907 630 935
3262868 579 9540 306 1000
3262868 425 9592 2152 1265
3262868 1159 9178 564 2249
3262868 1242 10612 538 1618
3262868 147 9733 963 785
3262868 1076 7544 474 110
3262868 1776 9907 630 935
3262868 579 9540 306 1000
3263992 972 8886 177 646
3263992 960 8773 636 100
3263992 1776 8628 2247 745
3263992 225 10008 1077 1017
3263992 972 8886 177 646
3263992 960 8773 636 100
3263992 1776 8628 2247 745
3263992 225 10008 1077 1017
3263992 972 8886 177 646
3263992 960 8773 636 100
3263992 1776 8628 2247 745
3263992 225 10008 1077 1017
3263992 972 8886 177 646
3263992 960 8773 636 100
3263992 1776 8628 2247 745
3263992 225 10008 1077 1017
3266864 18 9121 1042 6
3266864 425 10363 435 1352
3266864 619 10146 1849 1140
3266864 18 9121 1042 6
3266864 425 10363 435 1352
3266864 619 10146 1849 1140
3266864 18 9121 1042 6
3266864 425 10363 435 1352
3266864 619 10146 1849 1140
3268431 63 13143 578 313
3269530 399 9986 1002 1749
3269530 524 11950 1345 548
3269530 682 9992 231 2155
3269530 1489 9802 290 1224
3269530 399 9986 1002 1749
3269530 524 11950 1345 548
3269530 682 9992 231 2155
3269530 1489 9802 290 1224
3269530 399 9986 1002 1749
3269530 524 11950 1345 548
3269530 682 9992 231 2155
3269530 1489 9802 290 1224
3269530 399 9986 1002 1749
3269530 524 11950 1345 548
3269530 682 9992 231 2155
3269530 1489 9802 290 1224
3270970 1159 10449 688 1994
3273651 1275 9660 623 636
3274975 48 12526 1182 1762
3274975 1279 9681 199 1267
3274975 786 10111 1689 2069
3274975 48 12526 1182 1762
3274975 1279 9681 199 1267
3274975 786 10111 1689 2069
3274975 48 12526 1182 1762
3274975 1279 9681 199 1267
3274975 786 10111 1689 2069
3276981 1278 9205 947 494
3276981 249 10249 688 202
3276981 378 11953 1739 2010
3276981 1278 9205 947 494
3276981 249 10249 688 202
3276981 378 11953 1739 2010
3276981 1278 9205 947 494
3276981 249 10249 688 202
3276981 378 11953 1739 2010
3279894 174 10229 1700 96
3279894 896 8172 1725 111
3279894 1051 9670 411 799
3279894 737 10937 424 1318
3279894 174 10229 1700 96
3279894 896 8172 1725 111
3279894 1051 9670 411 799
3279894 737 10937 424 1318
3279894 174 10229 1700 96
3279894 896 8172 1725 111
3279894 1051 9670 411 799
3279894 737 10937 424 1318
3279894 174 10229 1700 96
3279894 896 8172 1725 111
3279894 1051 9670 411 799
3279894 737 10937 424 1318
3282286 1631 9683 289 1494
3282286 1476 9551 854 992
3282286 347 9172 506 143
3282286 1631 9683 289 1494
3282286 1476 9551 854 992
3282286 347 9172 506 143
3282286 1631 9683 289 1494
3282286 1476 9551 854 992
3282286 347 9172 506 143
3283656 682 12136 580 930
3285098 217 9901 59 404
3287152 846 11781 397 1247
3287152 356 9433 1976 961
3287152 846 11781 397 1247
3287152 356 9433 1976 961
3289768 940 8665 2670 540
3289768 842 9054 1911 239
3289768 1821 10241 1008 1455
3289768 656 9844 734 630
3289768 935 11254 1065 1496
3289768 940 8665 2670 540
3289768 842 9054 1911 239
3289768 1821 10241 1008 1455
3289768 656 9844 734 630
3289768 935 11254 1065 1496
3289768 940 8665 2670 540
3289768 842 9054 1911 239
3289768 1821 10241 1008 1455
3289768 656 9844 734 630
3289768 935 11254 1065 1496
3289768 940 8665 2670 540
3289768 842 9054 1911 239
3289768 1821 10241 1008 1455
3289768 656 9844 734 630
3289768 935 11254 1065 1496
3289768 940 8665 2670 540
3289768 842 9054 1911 239
3289768 1821 10241 1008 1455
3289768 656 9844 734 630
3289768 935 11254 1065 1496
3291775 1976 8370 1483 277
3294405 3418 10281 211 382
3295531 410 10783 445 309
3295531 3985 10535 304 637
3295531 410 10783 445 309
3295531 3985 10535 304 637
3296692 894 8147 6 217
3298454 402 10040 1393 3400
3300461 592 11423 232 1151
3303426 1205 9270 1437 1037
3303426 2152 7054 162 2189
3303426 1147 9347 1081 1742
3303426 470 9642 2134 945
3303426 982 10916 479 1024
3303426 431 10392 808 834
3303426 1143 11899 2463 641
3303426 1016 9764 237 1579
3303426 1017 10855 2191 1714
3303426 1205 9270 1437 1037
3303426 2152 7054 162 2189
3303426 1147 9347 1081 1742
3303426 470 9642 2134 945
3303426 982 10916 479 1024
3303426 431 10392 808 834
3303426 1143 11899 2463 641
3303426 1016 9764 237 1579
3303426 1017 10855 2191 1714
3303426 1205 9270 1437 1037
3303426 2152 7054 162 2189
3303426 1147 9347 1081 1742
3303426 470 9642 2134 945
3303426 982 10916 479 1024
3303426 431 10392 808 834
3303426 1143 11899 2463 641
3303426 1016 9764 237 1579
3303426 1017 10855 2191 1714
3303426 1205 9270 1437 1037
3303426 2152 7054 162 2189
3303426 1147 9347 1081 1742
3303426 470 9642 2134 945
3303426 982 10916 479 1024
3303426 431 10392 808 834
3303426 1143 11899 2463 641
3303426 1016 9764 237 1579
3303426 1017 10855 2191 1714
3303426 1205 9270 1437 1037
3303426 2152 7054 162 2189
3303426 1147 9347 1081 1742
3303426 470 9642 2134 945
3303426 982 10916 479 1024
3303426 431 10392 808 834
3303426 1143 11899 2463 641
3303426 1016 9764 237 1579
3303426 1017 10855 2191 1714
3303426 1205 9270 1437 1037
3303426 2152 7054 162 2189
3303426 1147 9347 1081 1742
3303426 470 9642 2134 945
3303426 982 10916 479 1024
3303426 431 10392 808 834
3303426 1143 11899 2463 641
3303426 1016 9764 237 1579
3303426 1017 10855 2191 1714
3303426 1205 9270 1437 1037
3303426 2152 7054 162 2189
3303426 1147 9347 1081 1742
3303426 470 9642 2134 945
3303426 982 10916 479 1024
3303426 431 10392 808 834
3303426 1143 11899 2463 641
3303426 1016 9764 237 1579
3303426 1017 10855 2191 1714
3303426 1205 9270 1437 1037
3303426 2152 7054 162 2189
3303426 1147 9347 1081 1742
3303426 470 9642 2134 945
3303426 982 10916 479 1024
3303426 431 10392 808 834
3303426 1143 11899 2463 641
3303426 1016 9764 237 1579
3303426 1017 10855 2191 1714
3303426 1205 9270 1437 1037
3303426 2152 7054 162 2189
3303426 1147 9347 1081 1742
3303426 470 9642 2134 945
3303426 982 10916 479 1024
3303426 431 10392 808 834
3303426 1143 11899 2463 641
3303426 1016 9764 237 1579
3303426 1017 10855 2191 1714
3305981 2021 9988 1141 194
3308015 1253 9358 1633 2767
3308015 215 8428 57 1119
3308015 1253 9358 1633 2767
3308015 215 8428 57 1119
3309370 2074 8437 733 192
3309370 202 9528 313 662
3309370 2074 8437 733 192
3309370 202 9528 313 662
3310638 1820 7549 463 1898
3312592 2660 10693 1060 705
3312592 569 9172 1416 2618
3312592 521 10202 848 1062
3312592 1293 10635 377 166
3312592 2660 10693 1060 705
3312592 569 9172 1416 2618
3312592 521 10202 848 1062
3312592 1293 10635 377 166
3312592 2660 10693 1060 705
3312592 569 9172 1416 2618
3312592 521 10202 848 1062
3312592 1293 10635 377 166
3312592 2660 10693 1060 705
3312592 569 9172 1416 2618
3312592 521 10202 848 1062
3312592 1293 10635 377 166
3314700 783 7484 556 525
3314700 542 8736 255 40
3314700 1516 8467 524 234
3314700 962 8030 1429 1697
3314700 783 7484 556 525
3314700 542 8736 255 40
3314700 1516 8467 524 234
3314700 962 8030 1429 1697
3314700 783 7484 556 525
3314700 542 8736 255 40
3314700 1516 8467 524 234
3314700 962 8030 1429 1697
3314700 783 7484 556 525
3314700 542 8736 255 40
3314700 1516 8467 524 234
3314700 962 8030 1429 1697
3317286 2371 7628 33 98
3318618 65 9008 2037 86
3319924 150 11086 2367 390
3319924 1384 12656 572 356
3319924 449 8987 2128 324
3319924 150 11086 2367 390
3319924 1384 12656 572 356
3319924 449 8987 2128 324
3319924 150 11086 2367 390
3319924 1384 12656 572 356
3319924 449 8987 2128 324
3321297 369 9434 579 39
3322903 184 10853 1310 292
3324065 1612 9347 716 270
3326149 388 10576 422 1172
3326149 533 6726 318 69
3326149 388 10576 422 1172
3326149 533 6726 318 69
3327539 10 9011 677 1825
3329410 745 12852 1528 897
3331415 2620 10512 581 1141
3332650 1039 10458 161 1585
3334057 2448 9024 330 135
3335288 1881 11818 1353 234
3335288 29 9783 76 595
3335288 1881 11818 1353 234
3335288 29 9783 76 595
3336539 2349 10302 103 1963
3336539 355 9951 253 2368
3336539 924 9473 719 178
3336539 2349 10302 103 1963
3336539 355 9951 253 2368
3336539 924 9473 719 178
3336539 2349 10302 103 1963
3336539 355 9951 253 2368
3336539 924 9473 719 178
3339037 392 8997 499 1960
3341737 664 9606 113 1315
3341737 128 9580 1518 941
3341737 2029 10013 623 1467
3341737 58 10093 957 1444
3341737 335 11561 1917 388
3341737 746 11541 0 2535
3341737 231 8214 167 625
3341737 1298 9550 737 310
3341737 664 9606 113 1315
3341737 128 9580 1518 941
3341737 2029 10013 623 1467
3341737 58 10093 957 1444
3341737 335 11561 1917 388
3341737 746 11541 0 2535
3341737 231 8214 167 625
3341737 1298 9550 737 310
3341737 664 9606 113 1315
3341737 128 9580 1518 941
3341737 2029 10013 623 1467
3341737 58 10093 957 1444
3341737 335 11561 1917 388
3341737 746 11541 0 2535
3341737 231 8214 167 625
3341737 1298 9550 737 310
3341737 664 9606 113 1315
3341737 128 9580 1518 941
3341737 2029 10013 623 1467
3341737 58 10093 957 1444
3341737 335 11561 1917 388
3341737 746 11541 0 2535
3341737 231 8214 167 625
3341737 1298 9550 737 310
3341737 664 9606 113 1315
3341737 128 9580 1518 941
3341737 2029 10013 623 1467
3341737 58 10093 957 1444
3341737 335 11561 1917 388
3341737 746 11541 0 2535
3341737 231 8214 167 625
3341737 1298 9550 737 310
3341737 664 9606 113 1315
3341737 128 9580 1518 941
3341737 2029 10013 623 1467
3341737 58 10093 957 1444
3341737 335 11561 1917 388
3341737 746 11541 0 2535
3341737 231 8214 167 625
3341737 1298 9550 737 310
3341737 664 9606 113 1315
3341737 128 9580 1518 941
3341737 2029 10013 623 1467
3341737 58 10093 957 1444
3341737 335 11561 1917 388
3341737 746 11541 0 2535
3341737 231 8214 167 625
3341737 1298 9550 737 310
3341737 664 9606 113 1315
3341737 128 9580 1518 941
3341737 2029 10013 623 1467
3341737 58 10093 957 1444
3341737 335 11561 1917 388
3341737 746 11541 0 2535
3341737 231 8214 167 625
3341737 1298 9550 737 310
3344240 438 10528 367 1184
3344240 670 8089 779 1381
3344240 1181 9467 237 813
3344240 1491 10252 250 1168
3344240 438 10528 367 1184
3344240 670 8089 779 1381
3344240 1181 9467 237 813
3344240 1491 10252 250 1168
3344240 438 10528 367 1184
3344240 670 8089 779 1381
3344240 1181 9467 237 813
3344240 1491 10252 250 1168
3344240 438 10528 367 1184
3344240 670 8089 779 1381
3344240 1181 9467 237 813
3344240 1491 10252 250 1168
3346937 103 10336 73 219
3346937 1440 9149 11 2054
3346937 103 10336 73 219
3346937 1440 9149 11 2054
3349017 74 11066 166 2123
3351236 522 10955 2212 591
3352987 1564 8890 877 611
3354745 855 11377 598 610
3357424 160 11799 549 628
3357424 412 10810 1819 462
3357424 84 10960 1958 802
3357424 160 11799 549 628
3357424 412 10810 1819 462
3357424 84 10960 1958 802
3357424 160 11799 549 628
3357424 412 10810 1819 462
3357424 84 10960 1958 802
3357424 1246 10389 85 2357
3357424 1202 8578 1341 509
3357424 745 10869 866 348
3357424 1246 10389 85 2357
3357424 1202 8578 1341 509
3357424 745 10869 866 348
3357424 1246 10389 85 2357
3357424 1202 8578 1341 509
3357424 745 10869 866 348
3359559 2011 10196 2403 987
3362354 145 8626 459 1292
3362354 530 8224 454 286
3362354 427 9991 1463 111
3362354 145 8626 459 1292
3362354 530 8224 454 286
3362354 427 9991 1463 111
3362354 145 8626 459 1292
3362354 530 8224 454 286
3362354 427 9991 1463 111
3363683 738 9523 597 267
3364986 127 9566 509 2390
3364986 815 10389 1872 925
3364986 127 9566 509 2390
3364986 815 10389 1872 925
3366210 2854 8429 3745 1384
3366210 1299 10023 1467 818
3366210 2854 8429 3745 1384
3366210 1299 10023 1467 818
3368568 637 10698 16 575
3370534 876 11176 2050 752
3371593 775 8149 1520 898
3373128 191 11134 1049 931
3375370 678 8155 933 81
3375370 915 12320 1614 517
3375370 333 11097 1211 269
3375370 678 8155 933 81
3375370 915 12320 1614 517
3375370 333 11097 1211 269
3375370 678 8155 933 81
3375370 915 12320 1614 517
3375370 333 11097 1211 269
3377288 272 9469 301 694
3377288 1244 8793 1488 221
3377288 1759 10203 940 1557
3377288 272 9469 301 694
3377288 1244 8793 1488 221
3377288 1759 10203 940 1557
3377288 272 9469 301 694
3377288 1244 8793 1488 221
3377288 1759 10203 940 1557
3378344 2785 13028 848 539
3379456 2337 11897 939 1019
3381967 3052 11031 3166 1309
3381967 672 12087 94 312
3381967 3052 11031 3166 1309
3381967 672 12087 94 312
3383982 145 9464 144 1680
3383982 1837 8091 1690 95
3383982 616 11294 1171 498
3383982 657 9453 971 1137
3383982 2731 9896 1102 432
3383982 906 10437 696 129
3383982 773 11036 1809 1311
3383982 145 9464 144 1680
3383982 1837 8091 1690 95
3383982 616 11294 1171 498
3383982 657 9453 971 1137
3383982 2731 9896 1102 432
3383982 906 10437 696 129
3383982 773 11036 1809 1311
3383982 145 9464 144 1680
3383982 1837 8091 1690 95
3383982 616 11294 1171 498
3383982 657 9453 971 1137
3383982 2731 9896 1102 432
3383982 906 10437 696 129
3383982 773 11036 1809 1311
3383982 145 9464 144 1680
3383982 1837 8091 1690 95
3383982 616 11294 1171 498
3383982 657 9453 971 1137
3383982 2731 9896 1102 432
3383982 906 10437 696 129
3383982 773 11036 1809 1311
3383982 145 9464 144 1680
3383982 1837 8091 1690 95
3383982 616 11294 1171 498
3383982 657 9453 971 1137
3383982 2731 9896 1102 432
3383982 906 10437 696 129
3383982 773 11036 1809 1311
3383982 145 9464 144 1680
3383982 1837 8091 1690 95
3383982 616 11294 1171 498
3383982 657 9453 971 1137
3383982 2731 9896 1102 432
3383982 906 10437 696 129
3383982 773 11036 1809 1311
3383982 145 9464 144 1680
3383982 1837 8091 1690 95
3383982 616 11294 1171 498
3383982 657 9453 971 1137
3383982 2731 9896 1102 432
3383982 906 10437 696 129
3383982 773 11036 1809 1311
3385316 2553 10622 451 2
3386606 2709 6637 925 694
3386606 1930 11617 818 883
3386606 609 11120 2495 93
3386606 623 10677 136 211
3386606 75 8286 1456 1130
3386606 2709 6637 925 694
3386606 1930 11617 818 883
3386606 609 11120 2495 93
3386606 623 10677 136 211
3386606 75 8286 1456 1130
3386606 2709 6637 925 694
3386606 1930 11617 818 883
3386606 609 11120 2495 93
3386606 623 10677 136 211
3386606 75 8286 1456 1130
3386606 2709 6637 925 694
3386606 1930 11617 818 883
3386606 609 11120 2495 93
3386606 623 10677 136 211
3386606 75 8286 1456 1130
3386606 2709 6637 925 694
3386606 1930 11617 818 883
3386606 609 11120 2495 93
3386606 623 10677 136 211
3386606 75 8286 1456 1130
3389287 104 10673 546 276
3390576 277 11536 908 1320
3390576 152 10028 1040 884
3390576 277 11536 908 1320
3390576 152 10028 1040 884
3391632 625 8938 515 659
3391632 77 8479 754 2046
3391632 625 8938 515 659
3391632 77 8479 754 2046
3393077 1294 8243 1309 1914
3393077 506 12260 571 229
3393077 2709 10204 520 792
3393077 1294 8243 1309 1914
3393077 506 12260 571 229
3393077 2709 10204 520 792
3393077 1294 8243 1309 1914
3393077 506 12260 571 229
3393077 2709 10204 520 792
3395088 524 11021 1119 1346
3395088 4519 9604 108 1061
3395088 228 11459 330 2191
3395088 524 11021 1119 1346
3395088 4519 9604 108 1061
3395088 228 11459 330 2191
3395088 524 11021 1119 1346
3395088 4519 9604 108 1061
3395088 228 11459 330 2191
3396406 291 7974 2187 713
3396406 991 9990 145 592
3396406 3280 11554 2125 343
3396406 291 7974 2187 713
3396406 991 9990 145 592
3396406 3280 11554 2125 343
3396406 291 7974 2187 713
3396406 991 9990 145 592
3396406 3280 11554 2125 343
3398755 471 10683 1044 2456
3401476 638 9005 968 170
3401476 159 10769 254 1486
3401476 1044 11528 235 1133
3401476 638 9005 968 170
3401476 159 10769 254 1486
3401476 1044 11528 235 1133
3401476 638 9005 968 170
3401476 159 10769 254 1486
3401476 1044 11528 235 1133
3403671 1551 8852 370 487
3405652 274 9430 316 1810
3407989 2091 9431 224 604
3410418 230 9488 396 949
3412277 1914 8691 883 804
3415231 1013 10015 299 37
3417430 64 8993 1911 1735
3419656 518 10877 1252 269
3421062 1615 9516 551 1283
3421062 1574 9435 754 84
3421062 1615 9516 551 1283
3421062 1574 9435 754 84
3423933 2701 9776 890 993
3426020 468 10345 356 1941
3428240 1632 8949 683 279
3430535 777 9832 1256 1039
3432709 98 8807 806 37
3435276 894 10103 375 2270
3438219 632 12218 968 148
3438219 1145 10704 1224 540
3438219 632 12218 968 148
3438219 1145 10704 1224 540
3439426 240 10862 876 844
3439426 447 10558 1802 604
3439426 240 10862 876 844
3439426 447 10558 1802 604
3441346 2365 11700 391 815
3444306 135 12056 110 2590
3444306 379 11813 188 59
3444306 135 12056 110 2590
3444306 379 11813 188 59
3446669 17 10467 417 14
3446669 571 8960 685 2015
3446669 203 7073 2902 532
3446669 408 12686 747 231
3446669 53 11697 1447 577
3446669 520 9537 257 1042
3446669 1352 10859 522 2615
3446669 2507 9246 1101 532
3446669 17 10467 417 14
3446669 571 8960 685 2015
3446669 203 7073 2902 532
3446669 408 12686 747 231
3446669 53 11697 1447 577
3446669 520 9537 257 1042
3446669 1352 10859 522 2615
3446669 2507 9246 1101 532
3446669 17 10467 417 14
3446669 571 8960 685 2015
3446669 203 7073 2902 532
3446669 408 12686 747 231
3446669 53 11697 1447 577
3446669 520 9537 257 1042
3446669 1352 10859 522 2615
3446669 2507 9246 1101 532
3446669 17 10467 417 14
3446669 571 8960 685 2015
3446669 203 7073 2902 532
3446669 408 12686 747 231
3446669 53 11697 1447 577
3446669 520 9537 257 1042
3446669 1352 10859 522 2615
3446669 2507 9246 1101 532
3446669 17 10467 417 14
3446669 571 8960 685 2015
3446669 203 7073 2902 532
3446669 408 12686 747 231
3446669 53 11697 1447 577
3446669 520 9537 257 1042
3446669 1352 10859 522 2615
3446669 2507 9246 1101 532
3446669 17 10467 417 14
3446669 571 8960 685 2015
3446669 203 7073 2902 532
3446669 408 12686 747 231
3446669 53 11697 1447 577
3446669 520 9537 257 1042
3446669 1352 10859 522 2615
3446669 2507 9246 1101 532
3446669 17 10467 417 14
3446669 571 8960 685 2015
3446669 203 7073 2902 532
3446669 408 12686 747 231
3446669 53 11697 1447 577
3446669 520 9537 257 1042
3446669 1352 10859 522 2615
3446669 2507 9246 1101 532
3446669 17 10467 417 14
3446669 571 8960 685 2015
3446669 203 7073 2902 532
3446669 408 12686 747 231
3446669 53 11697 1447 577
3446669 520 9537 257 1042
3446669 1352 10859 522 2615
3446669 2507 9246 1101 532
3449409 1856 10377 208 1013
3451987 2061 12021 2480 2110
3454539 320 9508 203 1587
3456548 973 8747 1682 1445
3457955 753 9069 754 1637
3457955 2055 9095 1056 17
3457955 753 9069 754 1637
3457955 2055 9095 1056 17
3459053 1322 12138 10 486
3460764 513 10071 1052 1656
3462125 3212 9851 869 903
3462125 1011 10262 317 428
3462125 446 7415 256 470
3462125 86 9794 585 671
3462125 3212 9851 869 903
3462125 1011 10262 317 428
3462125 446 7415 256 470
3462125 86 9794 585 671
3462125 3212 9851 869 903
3462125 1011 10262 317 428
3462125 446 7415 256 470
3462125 86 9794 585 671
3462125 3212 9851 869 903
3462125 1011 10262 317 428
3462125 446 7415 256 470
3462125 86 9794 585 671
